coin,price,1h,24h,7d,24h_volume,mkt_cap,date
Bitcoin,40859.46,40859.46,40859.46,40859.46,40859.46,770991461396.0,2022-03-16
Ethereum,2744.41,2744.41,2744.41,2744.41,2744.41,327104429349.0,2022-03-16
Tether,1.0,1.0,1.0,1.0,1.0,79965155138.0,2022-03-16
BNB,383.43,383.43,383.43,383.43,383.43,64043816800.0,2022-03-16
USD Coin,0.999874,0.999874,0.999874,0.999874,0.999874,52222137400.0,2022-03-16
XRP,0.785018,0.785018,0.785018,0.785018,0.785018,37530785877.0,2022-03-16
Terra,89.51,89.51,89.51,89.51,89.51,32945963147.0,2022-03-16
Solana,85.61,85.61,85.61,85.61,85.61,27535891424.0,2022-03-16
Cardano,0.824161,0.824161,0.824161,0.824161,0.824161,26331888060.0,2022-03-16
Polkadot,18.55,18.55,18.55,18.55,18.55,20175265447.0,2022-03-16
Avalanche,73.69,73.69,73.69,73.69,73.69,19563622731.0,2022-03-16
Binance USD,1.0,1.0,1.0,1.0,1.0,17975175881.0,2022-03-16
Dogecoin,0.11566,0.11566,0.11566,0.11566,0.11566,15312260998.0,2022-03-16
TerraUSD,1.0,1.0,1.0,1.0,1.0,15025463384.0,2022-03-16
Shiba Inu,2.241815e-05,2.241815e-05,2.241815e-05,2.241815e-05,2.241815e-05,12186102832.0,2022-03-16
Wrapped Bitcoin,40820.44,40820.44,40820.44,40820.44,40820.44,11077637101.0,2022-03-16
Cronos,0.401575,0.401575,0.401575,0.401575,0.401575,10108572460.0,2022-03-16
Polygon,1.44,1.44,1.44,1.44,1.44,9860943646.0,2022-03-16
Dai,0.999429,0.999429,0.999429,0.999429,0.999429,9375312310.0,2022-03-16
Cosmos Hub,28.8,28.8,28.8,28.8,28.8,8346059118.0,2022-03-16
Litecoin,109.44,109.44,109.44,109.44,109.44,7629784997.0,2022-03-16
Lido Staked Ether,2745.31,2745.31,2745.31,2745.31,2745.31,6972219575.0,2022-03-16
Near,10.61,10.61,10.61,10.61,10.61,6885969777.0,2022-03-16
Chainlink,14.41,14.41,14.41,14.41,14.41,6696893329.0,2022-03-16
TRON,0.060751875857,0.060751875857,0.060751875857,0.060751875857,0.060751875857,6139215131.0,2022-03-16
FTX Token,42.37,42.37,42.37,42.37,42.37,5803217982.0,2022-03-16
Bitcoin Cash,295.57,295.57,295.57,295.57,295.57,5613130722.0,2022-03-16
LEO Token,5.97,5.97,5.97,5.97,5.97,5547865232.0,2022-03-16
OKB,19.05,19.05,19.05,19.05,19.05,4944831000.0,2022-03-16
Algorand,0.731009,0.731009,0.731009,0.731009,0.731009,4824820884.0,2022-03-16
Stellar,0.186969,0.186969,0.186969,0.186969,0.186969,4584325546.0,2022-03-16
Uniswap,9.05,9.05,9.05,9.05,9.05,4103226435.0,2022-03-16
Hedera,0.200008,0.200008,0.200008,0.200008,0.200008,3922919996.0,2022-03-16
Axie Infinity,50.46,50.46,50.46,50.46,50.46,3733676299.0,2022-03-16
Decentraland,2.43,2.43,2.43,2.43,2.43,3652548066.0,2022-03-16
Ethereum Classic,26.93,26.93,26.93,26.93,26.93,3573077723.0,2022-03-16
Elrond,162.55,162.55,162.55,162.55,162.55,3550487729.0,2022-03-16
The Sandbox,3.08,3.08,3.08,3.08,3.08,3486478110.0,2022-03-16
Internet Computer,16.26,16.26,16.26,16.26,16.26,3447698400.0,2022-03-16
Monero,189.34,189.34,189.34,189.34,189.34,3416516046.0,2022-03-16
cETH,53.71,53.71,53.71,53.71,53.71,3191011869.0,2022-03-16
VeChain,0.047848054559,0.047848054559,0.047848054559,0.047848054559,0.047848054559,3172681612.0,2022-03-16
Fantom,1.22,1.22,1.22,1.22,1.22,3072929159.0,2022-03-16
Filecoin,17.27,17.27,17.27,17.27,17.27,3052322720.0,2022-03-16
Osmosis,9.39,9.39,9.39,9.39,9.39,3040277019.0,2022-03-16
Klaytn,1.1,1.1,1.1,1.1,1.1,3034567731.0,2022-03-16
Frax,0.998392,0.998392,0.998392,0.998392,0.998392,2866968260.0,2022-03-16
Waves,28.62,28.62,28.62,28.62,28.62,2862185867.0,2022-03-16
Theta Network,2.82,2.82,2.82,2.82,2.82,2798708447.0,2022-03-16
Magic Internet Money,0.997676,0.997676,0.997676,0.997676,0.997676,2784271477.0,2022-03-16
The Graph,0.440816,0.440816,0.440816,0.440816,0.440816,2731591470.0,2022-03-16
Tezos,3.05,3.05,3.05,3.05,3.05,2665887669.0,2022-03-16
cUSDC,0.022533007284,0.022533007284,0.022533007284,0.022533007284,0.022533007284,2449140377.0,2022-03-16
Helium,21.72,21.72,21.72,21.72,21.72,2183873719.0,2022-03-16
THORChain,7.23,7.23,7.23,7.23,7.23,2165143023.0,2022-03-16
EOS,2.06,2.06,2.06,2.06,2.06,2019196307.0,2022-03-16
ECOMI,0.003406821495,0.003406821495,0.003406821495,0.003406821495,0.003406821495,1976983567.0,2022-03-16
IOTA,0.712336,0.712336,0.712336,0.712336,0.712336,1976598984.0,2022-03-16
cDAI,0.021895790224,0.021895790224,0.021895790224,0.021895790224,0.021895790224,1942222665.0,2022-03-16
Flow,5.43,5.43,5.43,5.43,5.43,1923544184.0,2022-03-16
Theta Fuel,0.162482,0.162482,0.162482,0.162482,0.162482,1886178774.0,2022-03-16
Aave,137.44,137.44,137.44,137.44,137.44,1862097786.0,2022-03-16
Zcash,148.94,148.94,148.94,148.94,148.94,1801878133.0,2022-03-16
Maker,1982.58,1982.58,1982.58,1982.58,1982.58,1772467945.0,2022-03-16
JUNO,38.35,38.35,38.35,38.35,38.35,1747597737.0,2022-03-16
Gala,0.227781,0.227781,0.227781,0.227781,0.227781,1714837250.0,2022-03-16
BitTorrent,1.812224e-06,1.812224e-06,1.812224e-06,1.812224e-06,1.812224e-06,1675881629.0,2022-03-16
Arweave,32.52,32.52,32.52,32.52,32.52,1637697784.0,2022-03-16
Huobi BTC,41217.27,41217.27,41217.27,41217.27,41217.27,1637583015.0,2022-03-16
PancakeSwap,5.57,5.57,5.57,5.57,5.57,1530696417.0,2022-03-16
Quant,112.58,112.58,112.58,112.58,112.58,1505335556.0,2022-03-16
Harmony,0.127445,0.127445,0.127445,0.127445,0.127445,1499937034.0,2022-03-16
eCash,7.9294818e-05,7.9294818e-05,7.9294818e-05,7.9294818e-05,7.9294818e-05,1497455570.0,2022-03-16
Bitcoin SV,77.11,77.11,77.11,77.11,77.11,1461042552.0,2022-03-16
NEO,20.13,20.13,20.13,20.13,20.13,1406977569.0,2022-03-16
TrueUSD,1.0,1.0,1.0,1.0,1.0,1404670246.0,2022-03-16
Huobi Token,8.98,8.98,8.98,8.98,8.98,1392164927.0,2022-03-16
KuCoin Token,18.41,18.41,18.41,18.41,18.41,1390455505.0,2022-03-16
Celsius Network,3.18,3.18,3.18,3.18,3.18,1346075894.0,2022-03-16
Stacks,1.26,1.26,1.26,1.26,1.26,1317492670.0,2022-03-16
Humans.ai,0.044270474958,0.044270474958,0.044270474958,0.044270474958,0.044270474958,1309127902.0,2022-03-16
Enjin Coin,1.4,1.4,1.4,1.4,1.4,1300650179.0,2022-03-16
Basic Attention Token,0.822605,0.822605,0.822605,0.822605,0.822605,1223583998.0,2022-03-16
NEXO,2.19,2.19,2.19,2.19,2.19,1222563065.0,2022-03-16
Amp,0.025036137658,0.025036137658,0.025036137658,0.025036137658,0.025036137658,1198878147.0,2022-03-16
Radix,0.121859,0.121859,0.121859,0.121859,0.121859,1198319388.0,2022-03-16
Kusama,126.84,126.84,126.84,126.84,126.84,1132594631.0,2022-03-16
Celo,2.52,2.52,2.52,2.52,2.52,1074226736.0,2022-03-16
Kadena,6.23,6.23,6.23,6.23,6.23,1061714057.0,2022-03-16
Chiliz,0.198241,0.198241,0.198241,0.198241,0.198241,1049331415.0,2022-03-16
Dash,97.64,97.64,97.64,97.64,97.64,1035525179.0,2022-03-16
Frax Share,17.92,17.92,17.92,17.92,17.92,1031430071.0,2022-03-16
Pax Dollar,0.999025,0.999025,0.999025,0.999025,0.999025,994783973.0,2022-03-16
BitDAO,1.12,1.12,1.12,1.12,1.12,993438990.0,2022-03-16
GateToken,6.52,6.52,6.52,6.52,6.52,979761512.0,2022-03-16
Convex Finance,18.29,18.29,18.29,18.29,18.29,979304335.0,2022-03-16
Synthetix Network Token,4.24,4.24,4.24,4.24,4.24,903998693.0,2022-03-16
Xido Finance,30.86,30.86,30.86,30.86,30.86,893636559.0,2022-03-16
Loopring,0.710702,0.710702,0.710702,0.710702,0.710702,881663508.0,2022-03-16
NEM,0.098240605826,0.098240605826,0.098240605826,0.098240605826,0.098240605826,879585159.0,2022-03-16
Anchor Protocol,3.1,3.1,3.1,3.1,3.1,807556039.0,2022-03-16
Oasis Network,0.227889,0.227889,0.227889,0.227889,0.227889,794382929.0,2022-03-16
Curve DAO Token,2.02,2.02,2.02,2.02,2.02,791197822.0,2022-03-16
Decred,56.87,56.87,56.87,56.87,56.87,787162797.0,2022-03-16
cUSDT,0.021768404499,0.021768404499,0.021768404499,0.021768404499,0.021768404499,775425368.0,2022-03-16
Secret,4.61,4.61,4.61,4.61,4.61,763750478.0,2022-03-16
LINK,129.46,129.46,129.46,129.46,129.46,759436472.0,2022-03-16
Mina Protocol,1.81,1.81,1.81,1.81,1.81,756143474.0,2022-03-16
Holo,0.00414796568,0.00414796568,0.00414796568,0.00414796568,0.00414796568,734353201.0,2022-03-16
Compound,109.58,109.58,109.58,109.58,109.58,726097698.0,2022-03-16
IoTeX,0.076638517501,0.076638517501,0.076638517501,0.076638517501,0.076638517501,717099434.0,2022-03-16
Bitkub Coin,7.89,7.89,7.89,7.89,7.89,698922310.0,2022-03-16
Neutrino USD,1.0,1.0,1.0,1.0,1.0,687954763.0,2022-03-16
yearn.finance,18982.86,18982.86,18982.86,18982.86,18982.86,678377900.0,2022-03-16
Nexus Mutual,92.51,92.51,92.51,92.51,92.51,633750394.0,2022-03-16
XDC Network,0.050635431946,0.050635431946,0.050635431946,0.050635431946,0.050635431946,616292915.0,2022-03-16
1inch,1.5,1.5,1.5,1.5,1.5,616145134.0,2022-03-16
WAX,0.274089,0.274089,0.274089,0.274089,0.274089,615219740.0,2022-03-16
Smooth Love Potion,0.016547553043,0.016547553043,0.016547553043,0.016547553043,0.016547553043,614525601.0,2022-03-16
Qtum,5.95,5.95,5.95,5.95,5.95,612948390.0,2022-03-16
PAX Gold,1935.78,1935.78,1935.78,1935.78,1935.78,611668819.0,2022-03-16
Sushi,3.12,3.12,3.12,3.12,3.12,603245561.0,2022-03-16
renBTC,40555.22,40555.22,40555.22,40555.22,40555.22,602582895.0,2022-03-16
Livepeer,23.82,23.82,23.82,23.82,23.82,589774119.0,2022-03-16
Ankr,0.072181812557,0.072181812557,0.072181812557,0.072181812557,0.072181812557,587511707.0,2022-03-16
Bancor Network Token,2.29,2.29,2.29,2.29,2.29,583581643.0,2022-03-16
Pocket Network,0.699085,0.699085,0.699085,0.699085,0.699085,580439408.0,2022-03-16
Marinade staked SOL,88.63,88.63,88.63,88.63,88.63,578275391.0,2022-03-16
OMG Network,4.11,4.11,4.11,4.11,4.11,574825195.0,2022-03-16
Zilliqa,0.041008132304,0.041008132304,0.041008132304,0.041008132304,0.041008132304,571307984.0,2022-03-16
SafeMoon,0.001028389235,0.001028389235,0.001028389235,0.001028389235,0.001028389235,566255393.0,2022-03-16
Render Token,2.43,2.43,2.43,2.43,2.43,560228533.0,2022-03-16
Fei USD,1.0,1.0,1.0,1.0,1.0,557210659.0,2022-03-16
Gnosis,298.83,298.83,298.83,298.83,298.83,553256284.0,2022-03-16
ICON,0.753601,0.753601,0.753601,0.753601,0.753601,549632622.0,2022-03-16
Ravencoin,0.051804162049,0.051804162049,0.051804162049,0.051804162049,0.051804162049,538520749.0,2022-03-16
IOST,0.022568760363,0.022568760363,0.022568760363,0.022568760363,0.022568760363,517770891.0,2022-03-16
Bitcoin Gold,29.74,29.74,29.74,29.74,29.74,517358240.0,2022-03-16
Kava,3.16,3.16,3.16,3.16,3.16,504959645.0,2022-03-16
UMA,7.74,7.74,7.74,7.74,7.74,503487995.0,2022-03-16
OEC Token,32.27,32.27,32.27,32.27,32.27,488521386.0,2022-03-16
Songbird,0.062799688152,0.062799688152,0.062799688152,0.062799688152,0.062799688152,486741272.0,2022-03-16
e-Radix,0.122181,0.122181,0.122181,0.122181,0.122181,484119330.0,2022-03-16
Velas,0.213154,0.213154,0.213154,0.213154,0.213154,483094532.0,2022-03-16
Rocket Pool,30.03,30.03,30.03,30.03,30.03,480593962.0,2022-03-16
Tether Gold,1950.12,1950.12,1950.12,1950.12,1950.12,480346972.0,2022-03-16
Moonbeam,2.38,2.38,2.38,2.38,2.38,476681084.0,2022-03-16
Sapphire,0.564647,0.564647,0.564647,0.564647,0.564647,470978131.0,2022-03-16
Horizen,38.73,38.73,38.73,38.73,38.73,469969529.0,2022-03-16
WOO Network,0.492556,0.492556,0.492556,0.492556,0.492556,467152311.0,2022-03-16
Liquity USD,1.0,1.0,1.0,1.0,1.0,464727068.0,2022-03-16
Golem,0.465346,0.465346,0.465346,0.465346,0.465346,464458665.0,2022-03-16
Rally,0.180078,0.180078,0.180078,0.180078,0.180078,464413872.0,2022-03-16
Baby Doge Coin,2.864e-09,2.864e-09,2.864e-09,2.864e-09,2.864e-09,452640717.0,2022-03-16
Audius,0.735289,0.735289,0.735289,0.735289,0.735289,447883958.0,2022-03-16
Siacoin,0.008880296534,0.008880296534,0.008880296534,0.008880296534,0.008880296534,446937901.0,2022-03-16
Metis Token,146.38,146.38,146.38,146.38,146.38,436965500.0,2022-03-16
Ontology,0.499727,0.499727,0.499727,0.499727,0.499727,433758425.0,2022-03-16
0x,0.509791,0.509791,0.509791,0.509791,0.509791,427933388.0,2022-03-16
APENFT,1.523622e-06,1.523622e-06,1.523622e-06,1.523622e-06,1.523622e-06,421365369.0,2022-03-16
SKALE,0.12635,0.12635,0.12635,0.12635,0.12635,407687711.0,2022-03-16
SwissBorg,0.428284,0.428284,0.428284,0.428284,0.428284,403883855.0,2022-03-16
dYdX,4.64,4.64,4.64,4.64,4.64,396760804.0,2022-03-16
Dogelon Mars,7.24104e-07,7.24104e-07,7.24104e-07,7.24104e-07,7.24104e-07,394017729.0,2022-03-16
Olympus,28.12,28.12,28.12,28.12,28.12,390854092.0,2022-03-16
Constellation,0.152116,0.152116,0.152116,0.152116,0.152116,382521151.0,2022-03-16
Synapse,2.17,2.17,2.17,2.17,2.17,380868743.0,2022-03-16
Immutable X,1.57,1.57,1.57,1.57,1.57,365315958.0,2022-03-16
Convex CRV,1.95,1.95,1.95,1.95,1.95,364340007.0,2022-03-16
Everdome,0.042328407322,0.042328407322,0.042328407322,0.042328407322,0.042328407322,363656510.0,2022-03-16
Gemini Dollar,1.0,1.0,1.0,1.0,1.0,355825684.0,2022-03-16
JUST,0.048936163597,0.048936163597,0.048936163597,0.048936163597,0.048936163597,355779812.0,2022-03-16
Decentralized Social,33.97,33.97,33.97,33.97,33.97,354095011.0,2022-03-16
Polymath,0.384838,0.384838,0.384838,0.384838,0.384838,344258737.0,2022-03-16
NuCypher,0.419373,0.419373,0.419373,0.419373,0.419373,342894249.0,2022-03-16
REN,0.338855,0.338855,0.338855,0.338855,0.338855,337192089.0,2022-03-16
Keep Network,0.609779,0.609779,0.609779,0.609779,0.609779,333366751.0,2022-03-16
Illuvium,519.92,519.92,519.92,519.92,519.92,332435430.0,2022-03-16
Flux,1.43,1.43,1.43,1.43,1.43,330216558.0,2022-03-16
Ethereum Name Service,14.05,14.05,14.05,14.05,14.05,326307175.0,2022-03-16
Hive,0.869127,0.869127,0.869127,0.869127,0.869127,322775766.0,2022-03-16
Lido DAO,2.98,2.98,2.98,2.98,2.98,321983024.0,2022-03-16
STEPN,0.534126,0.534126,0.534126,0.534126,0.534126,318571623.0,2022-03-16
Spell Token,0.003547901833,0.003547901833,0.003547901833,0.003547901833,0.003547901833,317144040.0,2022-03-16
Nervos Network,0.010554840501,0.010554840501,0.010554840501,0.010554840501,0.010554840501,316458006.0,2022-03-16
Kyber Network Crystal,3.06,3.06,3.06,3.06,3.06,313785580.0,2022-03-16
FLEX Coin,3.97,3.97,3.97,3.97,3.97,311600507.0,2022-03-16
HUSD,0.999103,0.999103,0.999103,0.999103,0.999103,310668205.0,2022-03-16
Ultra,1.15,1.15,1.15,1.15,1.15,308351253.0,2022-03-16
ConstitutionDAO,0.060612313279,0.060612313279,0.060612313279,0.060612313279,0.060612313279,307184638.0,2022-03-16
LooksRare,1.29,1.29,1.29,1.29,1.29,306843547.0,2022-03-16
DeFi Kingdoms,4.16,4.16,4.16,4.16,4.16,302825745.0,2022-03-16
Telcoin,0.004899527146,0.004899527146,0.004899527146,0.004899527146,0.004899527146,301743735.0,2022-03-16
Tomb,1.18,1.18,1.18,1.18,1.18,300452818.0,2022-03-16
Stargaze,0.401895,0.401895,0.401895,0.401895,0.401895,300351592.0,2022-03-16
DigiByte,0.019668130187,0.019668130187,0.019668130187,0.019668130187,0.019668130187,297257419.0,2022-03-16
DigitalBits,0.389141,0.389141,0.389141,0.389141,0.389141,296998483.0,2022-03-16
Syscoin,0.468329,0.468329,0.468329,0.468329,0.468329,296323527.0,2022-03-16
Lisk,2.03,2.03,2.03,2.03,2.03,293297599.0,2022-03-16
Tokemak,25.32,25.32,25.32,25.32,25.32,292863833.0,2022-03-16
Nano,2.2,2.2,2.2,2.2,2.2,292516870.0,2022-03-16
Tenset,3.3,3.3,3.3,3.3,3.3,289328276.0,2022-03-16
PlayDapp,0.797778,0.797778,0.797778,0.797778,0.797778,288940736.0,2022-03-16
SafeMoon [OLD],5.06313e-07,5.06313e-07,5.06313e-07,5.06313e-07,5.06313e-07,277800683.0,2022-03-16
Ronin,1.86,1.86,1.86,1.86,1.86,276423433.0,2022-03-16
Persistence,3.3,3.3,3.3,3.3,3.3,273550379.0,2022-03-16
Radio Caca,0.001341144021,0.001341144021,0.001341144021,0.001341144021,0.001341144021,273386276.0,2022-03-16
Pirate Chain,1.44,1.44,1.44,1.44,1.44,269625697.0,2022-03-16
MAI,0.99909,0.99909,0.99909,0.99909,0.99909,269555684.0,2022-03-16
Casper Network,0.063408018304,0.063408018304,0.063408018304,0.063408018304,0.063408018304,262580070.0,2022-03-16
Everscale,0.191627,0.191627,0.191627,0.191627,0.191627,261949792.0,2022-03-16
SXP,1.34,1.34,1.34,1.34,1.34,258788391.0,2022-03-16
Floki Inu,2.8340322e-05,2.8340322e-05,2.8340322e-05,2.8340322e-05,2.8340322e-05,257703958.0,2022-03-16
Zenon,5.35,5.35,5.35,5.35,5.35,257245207.0,2022-03-16
Injective,5.33,5.33,5.33,5.33,5.33,256116913.0,2022-03-16
MXC,0.104299,0.104299,0.104299,0.104299,0.104299,255853059.0,2022-03-16
WINkLink,0.00026633365,0.00026633365,0.00026633365,0.00026633365,0.00026633365,255157055.0,2022-03-16
WazirX,0.558123,0.558123,0.558123,0.558123,0.558123,254216018.0,2022-03-16
Perpetual Protocol,3.85,3.85,3.85,3.85,3.85,251018197.0,2022-03-16
Mobox,2.04,2.04,2.04,2.04,2.04,250469440.0,2022-03-16
Astroport,2.02,2.02,2.02,2.02,2.02,249658255.0,2022-03-16
Trust Wallet Token,0.721272,0.721272,0.721272,0.721272,0.721272,248213542.0,2022-03-16
Serum,1.87,1.87,1.87,1.87,1.87,247791442.0,2022-03-16
Coin98,1.34,1.34,1.34,1.34,1.34,247303702.0,2022-03-16
Mirror Protocol,1.71,1.71,1.71,1.71,1.71,247146075.0,2022-03-16
Zipmex Token,2.79,2.79,2.79,2.79,2.79,246790193.0,2022-03-16
Tribe,0.543192,0.543192,0.543192,0.543192,0.543192,246535822.0,2022-03-16
VVS Finance,2.2321211e-05,2.2321211e-05,2.2321211e-05,2.2321211e-05,2.2321211e-05,235411080.0,2022-03-16
Metahero,0.045156504195,0.045156504195,0.045156504195,0.045156504195,0.045156504195,233755062.0,2022-03-16
Creditcoin,1.14,1.14,1.14,1.14,1.14,233390471.0,2022-03-16
Lido Staked SOL,87.91,87.91,87.91,87.91,87.91,233265607.0,2022-03-16
API3,4.7,4.7,4.7,4.7,4.7,230984150.0,2022-03-16
Escoin Token,3.37,3.37,3.37,3.37,3.37,228752259.0,2022-03-16
Function X,0.488809,0.488809,0.488809,0.488809,0.488809,228173732.0,2022-03-16
Raydium,2.51,2.51,2.51,2.51,2.51,227133027.0,2022-03-16
CoinEx Token,0.061152343679,0.061152343679,0.061152343679,0.061152343679,0.061152343679,226665111.0,2022-03-16
Euro Tether,1.1,1.1,1.1,1.1,1.1,226370344.0,2022-03-16
Fetch.ai,0.327851,0.327851,0.327851,0.327851,0.327851,224454559.0,2022-03-16
Dent,0.002351313514,0.002351313514,0.002351313514,0.002351313514,0.002351313514,223840664.0,2022-03-16
Chia,65.15,65.15,65.15,65.15,65.15,221396095.0,2022-03-16
Status,0.056745127667,0.056745127667,0.056745127667,0.056745127667,0.056745127667,219753630.0,2022-03-16
Power Ledger,0.503878,0.503878,0.503878,0.503878,0.503878,216689443.0,2022-03-16
Medibloc,0.040119247871,0.040119247871,0.040119247871,0.040119247871,0.040119247871,215001420.0,2022-03-16
xSUSHI,3.8,3.8,3.8,3.8,3.8,213613208.0,2022-03-16
Chromia,0.37938,0.37938,0.37938,0.37938,0.37938,213564555.0,2022-03-16
Yield Guild Games,2.43,2.43,2.43,2.43,2.43,212099797.0,2022-03-16
Telos,0.819159,0.819159,0.819159,0.819159,0.819159,212084558.0,2022-03-16
COTI,0.201515,0.201515,0.201515,0.201515,0.201515,210898806.0,2022-03-16
Alchemix USD,0.997171,0.997171,0.997171,0.997171,0.997171,208898318.0,2022-03-16
Celer Network,0.037068909834,0.037068909834,0.037068909834,0.037068909834,0.037068909834,208463091.0,2022-03-16
Orbs,0.072194784903,0.072194784903,0.072194784903,0.072194784903,0.072194784903,208178410.0,2022-03-16
Vulcan Forged,8.73,8.73,8.73,8.73,8.73,207895650.0,2022-03-16
Energy Web Token,4.91,4.91,4.91,4.91,4.91,205388247.0,2022-03-16
Astar,0.10323,0.10323,0.10323,0.10323,0.10323,205235595.0,2022-03-16
Origin Protocol,0.434115,0.434115,0.434115,0.434115,0.434115,205164994.0,2022-03-16
Cratos,0.002952176693,0.002952176693,0.002952176693,0.002952176693,0.002952176693,203670465.0,2022-03-16
Ocean Protocol,0.469383,0.469383,0.469383,0.469383,0.469383,202627972.0,2022-03-16
XYO Network,0.016347118202,0.016347118202,0.016347118202,0.016347118202,0.016347118202,202482367.0,2022-03-16
Dopex,1126.14,1126.14,1126.14,1126.14,1126.14,200498616.0,2022-03-16
PLEX,0.815228,0.815228,0.815228,0.815228,0.815228,198958494.0,2022-03-16
LUKSO Token,13.05,13.05,13.05,13.05,13.05,198688328.0,2022-03-16
DAO Maker,2.19,2.19,2.19,2.19,2.19,196210425.0,2022-03-16
Boba Network,1.21,1.21,1.21,1.21,1.21,192933914.0,2022-03-16
Mdex,0.223833,0.223833,0.223833,0.223833,0.223833,192821569.0,2022-03-16
UFO Gaming,7.530048e-06,7.530048e-06,7.530048e-06,7.530048e-06,7.530048e-06,191533622.0,2022-03-16
Ardor,0.192938,0.192938,0.192938,0.192938,0.192938,191059042.0,2022-03-16
Pundi X,0.740085,0.740085,0.740085,0.740085,0.740085,190637766.0,2022-03-16
Mask Network,4.05,4.05,4.05,4.05,4.05,189430950.0,2022-03-16
Kyber Network Crystal Legacy,3.07,3.07,3.07,3.07,3.07,189342359.0,2022-03-16
Interest Bearing Bitcoin,40647.97,40647.97,40647.97,40647.97,40647.97,187618251.0,2022-03-16
Coinmetro,0.609647,0.609647,0.609647,0.609647,0.609647,184318822.0,2022-03-16
MX Token,1.86,1.86,1.86,1.86,1.86,184031159.0,2022-03-16
Reserve Rights Token,0.013806375745,0.013806375745,0.013806375745,0.013806375745,0.013806375745,182389151.0,2022-03-16
Radicle,4.43,4.43,4.43,4.43,4.43,182383890.0,2022-03-16
Conflux,0.116231,0.116231,0.116231,0.116231,0.116231,180397101.0,2022-03-16
Wonderland,196.83,196.83,196.83,196.83,196.83,179963381.0,2022-03-16
XSGD,0.73676,0.73676,0.73676,0.73676,0.73676,179572544.0,2022-03-16
MiL.k Alliance,0.81278,0.81278,0.81278,0.81278,0.81278,179537968.0,2022-03-16
Civic,0.268256,0.268256,0.268256,0.268256,0.268256,179389403.0,2022-03-16
Unibright,1.18,1.18,1.18,1.18,1.18,177414204.0,2022-03-16
Aragon,4.62,4.62,4.62,4.62,4.62,176410722.0,2022-03-16
Yoshi.exchange,1.34,1.34,1.34,1.34,1.34,173731724.0,2022-03-16
SuperFarm,0.606166,0.606166,0.606166,0.606166,0.606166,173202752.0,2022-03-16
Divi,0.06259333954,0.06259333954,0.06259333954,0.06259333954,0.06259333954,172881299.0,2022-03-16
BTSE Token,8.42,8.42,8.42,8.42,8.42,170044358.0,2022-03-16
GMX,22.78,22.78,22.78,22.78,22.78,168867621.0,2022-03-16
Request,0.218404,0.218404,0.218404,0.218404,0.218404,168625356.0,2022-03-16
Multichain,9.19,9.19,9.19,9.19,9.19,168453270.0,2022-03-16
Ergo,3.26,3.26,3.26,3.26,3.26,168320273.0,2022-03-16
Rari Governance Token,14.92,14.92,14.92,14.92,14.92,167699043.0,2022-03-16
FEG Token BSC,3.984e-09,3.984e-09,3.984e-09,3.984e-09,3.984e-09,166612893.0,2022-03-16
Alchemy Pay,0.040564968565,0.040564968565,0.040564968565,0.040564968565,0.040564968565,166194387.0,2022-03-16
Numeraire,28.13,28.13,28.13,28.13,28.13,165855215.0,2022-03-16
Power Cash,0.000548739722,0.000548739722,0.000548739722,0.000548739722,0.000548739722,164420955.0,2022-03-16
Moonriver,48.85,48.85,48.85,48.85,48.85,163974343.0,2022-03-16
sBTC,40609.35,40609.35,40609.35,40609.35,40609.35,162541982.0,2022-03-16
Cartesi,0.311626,0.311626,0.311626,0.311626,0.311626,161866858.0,2022-03-16
JOE,0.883671,0.883671,0.883671,0.883671,0.883671,161542087.0,2022-03-16
Veritaseum,75.29,75.29,75.29,75.29,75.29,161292251.0,2022-03-16
Bifrost,0.149179,0.149179,0.149179,0.149179,0.149179,157313585.0,2022-03-16
inSure DeFi,0.005989952985,0.005989952985,0.005989952985,0.005989952985,0.005989952985,156870603.0,2022-03-16
Aurora,6.85,6.85,6.85,6.85,6.85,155499279.0,2022-03-16
AscendEx Token,0.210282,0.210282,0.210282,0.210282,0.210282,154656421.0,2022-03-16
Reef Finance,0.008455524242,0.008455524242,0.008455524242,0.008455524242,0.008455524242,153505883.0,2022-03-16
World Mobile Token,0.656382,0.656382,0.656382,0.656382,0.656382,153058923.0,2022-03-16
Mango,0.148804,0.148804,0.148804,0.148804,0.148804,152354623.0,2022-03-16
Beldex,0.101366,0.101366,0.101366,0.101366,0.101366,152144019.0,2022-03-16
Poollotto.finance,17.61,17.61,17.61,17.61,17.61,152110576.0,2022-03-16
Biconomy,1.31,1.31,1.31,1.31,1.31,151360962.0,2022-03-16
FEG Token,3.708e-09,3.708e-09,3.708e-09,3.708e-09,3.708e-09,151073649.0,2022-03-16
BNB48 Club Token,75.36,75.36,75.36,75.36,75.36,151006279.0,2022-03-16
Ion,7053.41,7053.41,7053.41,7053.41,7053.41,150512232.0,2022-03-16
MMFinance,1.1,1.1,1.1,1.1,1.1,150442869.0,2022-03-16
Origin Dollar,0.993428,0.993428,0.993428,0.993428,0.993428,150338408.0,2022-03-16
Verge,0.009127060437,0.009127060437,0.009127060437,0.009127060437,0.009127060437,149908633.0,2022-03-16
Kishu Inu,1.544e-09,1.544e-09,1.544e-09,1.544e-09,1.544e-09,149823531.0,2022-03-16
Band Protocol,3.62,3.62,3.62,3.62,3.62,149778191.0,2022-03-16
Tokamak Network,3.57,3.57,3.57,3.57,3.57,149004019.0,2022-03-16
Storj,1.04,1.04,1.04,1.04,1.04,147999404.0,2022-03-16
VeThor Token,0.003245192677,0.003245192677,0.003245192677,0.003245192677,0.003245192677,147086117.0,2022-03-16
USDX,0.969027,0.969027,0.969027,0.969027,0.969027,146788183.0,2022-03-16
OriginTrail,0.400529,0.400529,0.400529,0.400529,0.400529,146343514.0,2022-03-16
Merit Circle,2.09,2.09,2.09,2.09,2.09,146317069.0,2022-03-16
aelf,0.318783,0.318783,0.318783,0.318783,0.318783,145914636.0,2022-03-16
Akash Network,1.09,1.09,1.09,1.09,1.09,145104697.0,2022-03-16
GPEX,3.83,3.83,3.83,3.83,3.83,144648026.0,2022-03-16
StarLink,1.4396811e-05,1.4396811e-05,1.4396811e-05,1.4396811e-05,1.4396811e-05,143867182.0,2022-03-16
Pundi X [OLD],0.000600991914,0.000600991914,0.000600991914,0.000600991914,0.000600991914,142146180.0,2022-03-16
Acala,1.1,1.1,1.1,1.1,1.1,140584940.0,2022-03-16
Orchid Protocol,0.237795,0.237795,0.237795,0.237795,0.237795,139760673.0,2022-03-16
Beta Finance,0.387492,0.387492,0.387492,0.387492,0.387492,138948965.0,2022-03-16
Ark,0.834377,0.834377,0.834377,0.834377,0.834377,137522294.0,2022-03-16
STASIS EURO,1.1,1.1,1.1,1.1,1.1,136959838.0,2022-03-16
Magic,2.78,2.78,2.78,2.78,2.78,136718105.0,2022-03-16
Keep3rV1,360.63,360.63,360.63,360.63,360.63,135437476.0,2022-03-16
Polkastarter,1.54,1.54,1.54,1.54,1.54,135061007.0,2022-03-16
Hxro,0.305377,0.305377,0.305377,0.305377,0.305377,133894630.0,2022-03-16
flexUSD,1.01,1.01,1.01,1.01,1.01,132954034.0,2022-03-16
Bezoge Earth,3.051e-09,3.051e-09,3.051e-09,3.051e-09,3.051e-09,132913608.0,2022-03-16
MaidSafeCoin,0.29492,0.29492,0.29492,0.29492,0.29492,132775927.0,2022-03-16
Prometeus,7.96,7.96,7.96,7.96,7.96,130200675.0,2022-03-16
Iron Bank EURO,1.08,1.08,1.08,1.08,1.08,130044220.0,2022-03-16
Metadium,0.076908861633,0.076908861633,0.076908861633,0.076908861633,0.076908861633,129878030.0,2022-03-16
Sperax,0.166557,0.166557,0.166557,0.166557,0.166557,129752776.0,2022-03-16
iExec RLC,1.81,1.81,1.81,1.81,1.81,129524554.0,2022-03-16
DUSK Network,0.325281,0.325281,0.325281,0.325281,0.325281,129420731.0,2022-03-16
DEAPCOIN,0.027606422572,0.027606422572,0.027606422572,0.027606422572,0.027606422572,128916638.0,2022-03-16
StormX,0.01399186433,0.01399186433,0.01399186433,0.01399186433,0.01399186433,128800635.0,2022-03-16
RMRK,13.65,13.65,13.65,13.65,13.65,128405686.0,2022-03-16
Qredo,2.55,2.55,2.55,2.55,2.55,126060547.0,2022-03-16
Stratis,0.931273,0.931273,0.931273,0.931273,0.931273,125656753.0,2022-03-16
STP Network,0.085865788522,0.085865788522,0.085865788522,0.085865788522,0.085865788522,125461512.0,2022-03-16
Steem,0.315524,0.315524,0.315524,0.315524,0.315524,124507907.0,2022-03-16
Alpha Finance,0.279294,0.279294,0.279294,0.279294,0.279294,124373230.0,2022-03-16
NKN,0.192439,0.192439,0.192439,0.192439,0.192439,124009174.0,2022-03-16
RSK Infrastructure Framework,0.150149,0.150149,0.150149,0.150149,0.150149,123524355.0,2022-03-16
Balancer,11.45,11.45,11.45,11.45,11.45,123217404.0,2022-03-16
Dawn Protocol,1.7,1.7,1.7,1.7,1.7,122765002.0,2022-03-16
GXChain,1.64,1.64,1.64,1.64,1.64,122187268.0,2022-03-16
Sun Token,0.01159957152,0.01159957152,0.01159957152,0.01159957152,0.01159957152,121791772.0,2022-03-16
Dero,10.86,10.86,10.86,10.86,10.86,120268451.0,2022-03-16
Kirobo,0.126408,0.126408,0.126408,0.126408,0.126408,119964465.0,2022-03-16
Alien Worlds,0.096545880435,0.096545880435,0.096545880435,0.096545880435,0.096545880435,119120382.0,2022-03-16
Strike,37.95,37.95,37.95,37.95,37.95,118658676.0,2022-03-16
Aavegotchi,1.95,1.95,1.95,1.95,1.95,117328055.0,2022-03-16
Victoria VR,0.144477,0.144477,0.144477,0.144477,0.144477,117291824.0,2022-03-16
Ankr Reward-Bearing Staked ETH,2196.39,2196.39,2196.39,2196.39,2196.39,116894099.0,2022-03-16
Decentral Games,0.306293,0.306293,0.306293,0.306293,0.306293,116422219.0,2022-03-16
Meerkat Shares,12965.17,12965.17,12965.17,12965.17,12965.17,115928010.0,2022-03-16
FUNToken,0.010933267139,0.010933267139,0.010933267139,0.010933267139,0.010933267139,115804492.0,2022-03-16
THORChain (ERC20),7.15,7.15,7.15,7.15,7.15,115794807.0,2022-03-16
TrueFi,0.180166,0.180166,0.180166,0.180166,0.180166,115725924.0,2022-03-16
agEUR,1.1,1.1,1.1,1.1,1.1,115711833.0,2022-03-16
sETH2,2740.47,2740.47,2740.47,2740.47,2740.47,114815124.0,2022-03-16
Maple,25.38,25.38,25.38,25.38,25.38,114666914.0,2022-03-16
Spookyswap,12.83,12.83,12.83,12.83,12.83,114555634.0,2022-03-16
AIOZ Network,0.237396,0.237396,0.237396,0.237396,0.237396,114207956.0,2022-03-16
Tomb Shares,2920.47,2920.47,2920.47,2920.47,2920.47,113643147.0,2022-03-16
Beefy.Finance,1455.73,1455.73,1455.73,1455.73,1455.73,112999254.0,2022-03-16
TitanSwap,1.13,1.13,1.13,1.13,1.13,112504097.0,2022-03-16
Phantasma,1.08,1.08,1.08,1.08,1.08,112079479.0,2022-03-16
Tornado Cash,47.91,47.91,47.91,47.91,47.91,111960444.0,2022-03-16
Alchemix,95.14,95.14,95.14,95.14,95.14,111651916.0,2022-03-16
DODO,0.391699,0.391699,0.391699,0.391699,0.391699,111498427.0,2022-03-16
Hoo Token,1.34,1.34,1.34,1.34,1.34,111488236.0,2022-03-16
BTC Standard Hashrate Token,15.38,15.38,15.38,15.38,15.38,110711281.0,2022-03-16
KardiaChain,0.033106050211,0.033106050211,0.033106050211,0.033106050211,0.033106050211,110596002.0,2022-03-16
Klever,0.021137782806,0.021137782806,0.021137782806,0.021137782806,0.021137782806,109983784.0,2022-03-16
Orion Protocol,3.13,3.13,3.13,3.13,3.13,108618470.0,2022-03-16
BENQI Liquid Staked AVAX,73.3,73.3,73.3,73.3,73.3,108588792.0,2022-03-16
PlatON Network,0.045411075152,0.045411075152,0.045411075152,0.045411075152,0.045411075152,108434635.0,2022-03-16
Hathor,0.479597,0.479597,0.479597,0.479597,0.479597,108345431.0,2022-03-16
Kava Swap,1.81,1.81,1.81,1.81,1.81,107989085.0,2022-03-16
Proton,0.010978430413,0.010978430413,0.010978430413,0.010978430413,0.010978430413,107238670.0,2022-03-16
Utrust,0.233365,0.233365,0.233365,0.233365,0.233365,107165105.0,2022-03-16
Regen,0.862787,0.862787,0.862787,0.862787,0.862787,106505797.0,2022-03-16
My Neighbor Alice,6.07,6.07,6.07,6.07,6.07,105126141.0,2022-03-16
BakerySwap,0.548429,0.548429,0.548429,0.548429,0.548429,104901896.0,2022-03-16
QuarkChain,0.015632618015,0.015632618015,0.015632618015,0.015632618015,0.015632618015,103653419.0,2022-03-16
Hydra,8.93,8.93,8.93,8.93,8.93,103576699.0,2022-03-16
TomoChain,1.17,1.17,1.17,1.17,1.17,103142455.0,2022-03-16
Pylon Protocol,0.053553941991,0.053553941991,0.053553941991,0.053553941991,0.053553941991,102790559.0,2022-03-16
Ellipsis,0.164725,0.164725,0.164725,0.164725,0.164725,102630468.0,2022-03-16
Venus,8.52,8.52,8.52,8.52,8.52,102446263.0,2022-03-16
Railgun,1.78,1.78,1.78,1.78,1.78,102343090.0,2022-03-16
Seedify.fund,4.33,4.33,4.33,4.33,4.33,102337446.0,2022-03-16
Hermez Network,6.09,6.09,6.09,6.09,6.09,102164945.0,2022-03-16
Alpine F1 Team Fan Token,8.76,8.76,8.76,8.76,8.76,99922202.0,2022-03-16
ICHI,22.69,22.69,22.69,22.69,22.69,99403281.0,2022-03-16
JasmyCoin,0.021231711358,0.021231711358,0.021231711358,0.021231711358,0.021231711358,99367227.0,2022-03-16
CRYPTO20,2.94,2.94,2.94,2.94,2.94,98979226.0,2022-03-16
Decentral Games Governance,0.32163,0.32163,0.32163,0.32163,0.32163,98858963.0,2022-03-16
Metal,1.52,1.52,1.52,1.52,1.52,98095635.0,2022-03-16
Wilder World,1.17,1.17,1.17,1.17,1.17,97124495.0,2022-03-16
Wrapped Centrifuge,0.486023,0.486023,0.486023,0.486023,0.486023,97035126.0,2022-03-16
Bitcoin Diamond,0.515751,0.515751,0.515751,0.515751,0.515751,96592411.0,2022-03-16
cBAT,0.013887822764,0.013887822764,0.013887822764,0.013887822764,0.013887822764,96585801.0,2022-03-16
sUSD,0.995877,0.995877,0.995877,0.995877,0.995877,95584478.0,2022-03-16
sETH,2732.47,2732.47,2732.47,2732.47,2732.47,95094991.0,2022-03-16
Bounce,13.1,13.1,13.1,13.1,13.1,94296802.0,2022-03-16
Augur,13.43,13.43,13.43,13.43,13.43,93213520.0,2022-03-16
Verasity,0.020985885492,0.020985885492,0.020985885492,0.020985885492,0.020985885492,92248152.0,2022-03-16
Neutrino System Base Token,36.47,36.47,36.47,36.47,36.47,92043237.0,2022-03-16
Platypus Finance,4.82,4.82,4.82,4.82,4.82,91532885.0,2022-03-16
Ampleforth,1.12,1.12,1.12,1.12,1.12,91484573.0,2022-03-16
Wanchain,0.473501,0.473501,0.473501,0.473501,0.473501,91110234.0,2022-03-16
IDEX,0.142817,0.142817,0.142817,0.142817,0.142817,90978713.0,2022-03-16
Dopex Rebate Token,101.45,101.45,101.45,101.45,101.45,90554011.0,2022-03-16
Everipedia,0.009006140462,0.009006140462,0.009006140462,0.009006140462,0.009006140462,89718345.0,2022-03-16
ZoidPay,0.309582,0.309582,0.309582,0.309582,0.309582,89683955.0,2022-03-16
Electroneum,0.005086662997,0.005086662997,0.005086662997,0.005086662997,0.005086662997,89440714.0,2022-03-16
KeeperDAO,108.14,108.14,108.14,108.14,108.14,87457228.0,2022-03-16
cUNI,0.177688,0.177688,0.177688,0.177688,0.177688,86960205.0,2022-03-16
Dvision Network,0.348705,0.348705,0.348705,0.348705,0.348705,85948342.0,2022-03-16
AllianceBlock,0.222035,0.222035,0.222035,0.222035,0.222035,85612394.0,2022-03-16
Bonfida,1.61,1.61,1.61,1.61,1.61,85251644.0,2022-03-16
Adventure Gold,1.1,1.1,1.1,1.1,1.1,85075417.0,2022-03-16
Avalaunch,3.78,3.78,3.78,3.78,3.78,84389747.0,2022-03-16
HUNT,0.769839,0.769839,0.769839,0.769839,0.769839,83873286.0,2022-03-16
Automata,0.367835,0.367835,0.367835,0.367835,0.367835,83514063.0,2022-03-16
Banana,18.71,18.71,18.71,18.71,18.71,83416764.0,2022-03-16
chrono.tech,118.16,118.16,118.16,118.16,118.16,83232136.0,2022-03-16
Celo Dollar,0.999208,0.999208,0.999208,0.999208,0.999208,82951206.0,2022-03-16
CertiK,1.18,1.18,1.18,1.18,1.18,82919242.0,2022-03-16
Adshares,3.46,3.46,3.46,3.46,3.46,82839334.0,2022-03-16
DFI.money,2051.79,2051.79,2051.79,2051.79,2051.79,81618922.0,2022-03-16
Gains Farm,2267.65,2267.65,2267.65,2267.65,2267.65,81067367.0,2022-03-16
Gitcoin,5.67,5.67,5.67,5.67,5.67,80324424.0,2022-03-16
Biswap,0.357696,0.357696,0.357696,0.357696,0.357696,80023062.0,2022-03-16
Clover Finance,0.305749,0.305749,0.305749,0.305749,0.305749,79586374.0,2022-03-16
SafePal,0.733022,0.733022,0.733022,0.733022,0.733022,78755589.0,2022-03-16
Enzyme,53.93,53.93,53.93,53.93,53.93,78254927.0,2022-03-16
Crabada,0.908045,0.908045,0.908045,0.908045,0.908045,78203679.0,2022-03-16
Covalent,0.308264,0.308264,0.308264,0.308264,0.308264,78070115.0,2022-03-16
Aergo,0.216541,0.216541,0.216541,0.216541,0.216541,78030243.0,2022-03-16
Nerve Finance,0.01746492327,0.01746492327,0.01746492327,0.01746492327,0.01746492327,77747624.0,2022-03-16
Swarm,1.2,1.2,1.2,1.2,1.2,77516525.0,2022-03-16
BENQI,0.049616183289,0.049616183289,0.049616183289,0.049616183289,0.049616183289,77090931.0,2022-03-16
Somnium Space CUBEs,5.9,5.9,5.9,5.9,5.9,76435550.0,2022-03-16
Rai Reflex Index,3.03,3.03,3.03,3.03,3.03,76393616.0,2022-03-16
PEAKDEFI,0.056409521696,0.056409521696,0.056409521696,0.056409521696,0.056409521696,76293156.0,2022-03-16
Propy,1.31,1.31,1.31,1.31,1.31,76264908.0,2022-03-16
Aurory,8.02,8.02,8.02,8.02,8.02,76264310.0,2022-03-16
mStable USD,0.999331,0.999331,0.999331,0.999331,0.999331,75247445.0,2022-03-16
bZx Protocol,0.177963,0.177963,0.177963,0.177963,0.177963,74186632.0,2022-03-16
ShapeShift FOX Token,0.273188,0.273188,0.273188,0.273188,0.273188,73980085.0,2022-03-16
SingularityNET,0.084142124159,0.084142124159,0.084142124159,0.084142124159,0.084142124159,73918145.0,2022-03-16
Handshake,0.156275,0.156275,0.156275,0.156275,0.156275,73747459.0,2022-03-16
Kin,4.1143641e-05,4.1143641e-05,4.1143641e-05,4.1143641e-05,4.1143641e-05,73595419.0,2022-03-16
RIZON,0.035663494252,0.035663494252,0.035663494252,0.035663494252,0.035663494252,72989274.0,2022-03-16
Vader Protocol,0.014381539264,0.014381539264,0.014381539264,0.014381539264,0.014381539264,72963217.0,2022-03-16
DeFi Pulse Index,155.37,155.37,155.37,155.37,155.37,72755648.0,2022-03-16
Sai,1.0,1.0,1.0,1.0,1.0,72643253.0,2022-03-16
Sovryn,3.43,3.43,3.43,3.43,3.43,72604865.0,2022-03-16
Badger DAO,7.32,7.32,7.32,7.32,7.32,72581913.0,2022-03-16
TempleDAO,0.666697,0.666697,0.666697,0.666697,0.666697,71996496.0,2022-03-16
Wrapped NXM,26.65,26.65,26.65,26.65,26.65,70945266.0,2022-03-16
Hifi Finance,0.00755611809,0.00755611809,0.00755611809,0.00755611809,0.00755611809,70736052.0,2022-03-16
Dock,0.033479547514,0.033479547514,0.033479547514,0.033479547514,0.033479547514,70448413.0,2022-03-16
Sifchain,0.091107956047,0.091107956047,0.091107956047,0.091107956047,0.091107956047,70322023.0,2022-03-16
Retreeb,0.225841,0.225841,0.225841,0.225841,0.225841,70125336.0,2022-03-16
Presearch,0.179852,0.179852,0.179852,0.179852,0.179852,70111160.0,2022-03-16
PlatonCoin,0.640304,0.640304,0.640304,0.640304,0.640304,69590558.0,2022-03-16
Aave [OLD],1.36,1.36,1.36,1.36,1.36,69502548.0,2022-03-16
ShareToken,0.007189378251,0.007189378251,0.007189378251,0.007189378251,0.007189378251,69453171.0,2022-03-16
Circuits of Value,0.038262750519,0.038262750519,0.038262750519,0.038262750519,0.038262750519,69008937.0,2022-03-16
Travala.com,1.33,1.33,1.33,1.33,1.33,68723455.0,2022-03-16
Redacted Cartel,114.27,114.27,114.27,114.27,114.27,68675140.0,2022-03-16
IRISnet,0.05572426797,0.05572426797,0.05572426797,0.05572426797,0.05572426797,68613799.0,2022-03-16
ChainX,1.77,1.77,1.77,1.77,1.77,68530128.0,2022-03-16
Index Coop - ETH 2x Flexible Leverage Index,66.16,66.16,66.16,66.16,66.16,68519516.0,2022-03-16
cVault.finance,6768.4,6768.4,6768.4,6768.4,6768.4,68514733.0,2022-03-16
ThunderCore,0.007869637878,0.007869637878,0.007869637878,0.007869637878,0.007869637878,67862398.0,2022-03-16
OpenDAO,1.708294e-06,1.708294e-06,1.708294e-06,1.708294e-06,1.708294e-06,67555662.0,2022-03-16
Carry,0.007639549275,0.007639549275,0.007639549275,0.007639549275,0.007639549275,66948840.0,2022-03-16
ARPA Chain,0.068515692234,0.068515692234,0.068515692234,0.068515692234,0.068515692234,66892485.0,2022-03-16
GuildFi,1.54,1.54,1.54,1.54,1.54,66370610.0,2022-03-16
EverRise,0.000950733762,0.000950733762,0.000950733762,0.000950733762,0.000950733762,66340451.0,2022-03-16
SuperRare,0.458127,0.458127,0.458127,0.458127,0.458127,66264262.0,2022-03-16
Oxygen,0.325739,0.325739,0.325739,0.325739,0.325739,65770433.0,2022-03-16
Bitcoin,40851.38,40851.38,40851.38,40851.38,40851.38,776077432316.0,2022-03-17
Ethereum,2824.42,2824.42,2824.42,2824.42,2824.42,339077214308.0,2022-03-17
Tether,1.0,1.0,1.0,1.0,1.0,80205879149.0,2022-03-17
BNB,389.61,389.61,389.61,389.61,389.61,65561157431.0,2022-03-17
USD Coin,0.999739,0.999739,0.999739,0.999739,0.999739,52596068421.0,2022-03-17
XRP,0.796926,0.796926,0.796926,0.796926,0.796926,38342363497.0,2022-03-17
Terra,87.64,87.64,87.64,87.64,87.64,32256574723.0,2022-03-17
Solana,90.62,90.62,90.62,90.62,90.62,29270600684.0,2022-03-17
Cardano,0.838396,0.838396,0.838396,0.838396,0.838396,26891734979.0,2022-03-17
Avalanche,79.78,79.78,79.78,79.78,79.78,21282040395.0,2022-03-17
Polkadot,18.88,18.88,18.88,18.88,18.88,20667608398.0,2022-03-17
Binance USD,0.999538,0.999538,0.999538,0.999538,0.999538,17812484632.0,2022-03-17
Dogecoin,0.11685,0.11685,0.11685,0.11685,0.11685,15509604862.0,2022-03-17
TerraUSD,1.0,1.0,1.0,1.0,1.0,15173316373.0,2022-03-17
Shiba Inu,2.2354322e-05,2.2354322e-05,2.2354322e-05,2.2354322e-05,2.2354322e-05,12283647613.0,2022-03-17
Wrapped Bitcoin,40815.68,40815.68,40815.68,40815.68,40815.68,11140930359.0,2022-03-17
Cronos,0.40337,0.40337,0.40337,0.40337,0.40337,10212443722.0,2022-03-17
Polygon,1.46,1.46,1.46,1.46,1.46,10031137796.0,2022-03-17
Dai,1.0,1.0,1.0,1.0,1.0,9445061382.0,2022-03-17
Cosmos Hub,28.48,28.48,28.48,28.48,28.48,8263048473.0,2022-03-17
Litecoin,110.64,110.64,110.64,110.64,110.64,7733039423.0,2022-03-17
Lido Staked Ether,2824.49,2824.49,2824.49,2824.49,2824.49,7293486788.0,2022-03-17
Near,10.9,10.9,10.9,10.9,10.9,7152121268.0,2022-03-17
Chainlink,14.54,14.54,14.54,14.54,14.54,6790110728.0,2022-03-17
TRON,0.060963260767,0.060963260767,0.060963260767,0.060963260767,0.060963260767,6203344202.0,2022-03-17
FTX Token,43.02,43.02,43.02,43.02,43.02,5917599044.0,2022-03-17
LEO Token,6.23,6.23,6.23,6.23,6.23,5840393387.0,2022-03-17
Bitcoin Cash,297.65,297.65,297.65,297.65,297.65,5652413614.0,2022-03-17
OKB,19.98,19.98,19.98,19.98,19.98,5198998452.0,2022-03-17
Algorand,0.755697,0.755697,0.755697,0.755697,0.755697,5010872275.0,2022-03-17
Stellar,0.190708,0.190708,0.190708,0.190708,0.190708,4685689241.0,2022-03-17
Uniswap,9.22,9.22,9.22,9.22,9.22,4212948930.0,2022-03-17
Hedera,0.206426,0.206426,0.206426,0.206426,0.206426,4083726959.0,2022-03-17
Axie Infinity,50.9,50.9,50.9,50.9,50.9,3771229668.0,2022-03-17
Decentraland,2.45,2.45,2.45,2.45,2.45,3706590158.0,2022-03-17
The Sandbox,3.21,3.21,3.21,3.21,3.21,3671953183.0,2022-03-17
Internet Computer,16.83,16.83,16.83,16.83,16.83,3629124742.0,2022-03-17
Ethereum Classic,27.11,27.11,27.11,27.11,27.11,3623500485.0,2022-03-17
Elrond,159.18,159.18,159.18,159.18,159.18,3510358610.0,2022-03-17
Monero,187.35,187.35,187.35,187.35,187.35,3388734398.0,2022-03-17
cETH,56.52,56.52,56.52,56.52,56.52,3354874341.0,2022-03-17
VeChain,0.048673709569,0.048673709569,0.048673709569,0.048673709569,0.048673709569,3250000117.0,2022-03-17
Filecoin,17.67,17.67,17.67,17.67,17.67,3150729995.0,2022-03-17
Fantom,1.22,1.22,1.22,1.22,1.22,3103751456.0,2022-03-17
Klaytn,1.1,1.1,1.1,1.1,1.1,3037372912.0,2022-03-17
Osmosis,9.33,9.33,9.33,9.33,9.33,3010426563.0,2022-03-17
Waves,28.78,28.78,28.78,28.78,28.78,2875764773.0,2022-03-17
Frax,0.999541,0.999541,0.999541,0.999541,0.999541,2873694989.0,2022-03-17
Theta Network,2.87,2.87,2.87,2.87,2.87,2860648763.0,2022-03-17
Magic Internet Money,0.998598,0.998598,0.998598,0.998598,0.998598,2782892167.0,2022-03-17
Tezos,3.1,3.1,3.1,3.1,3.1,2726280216.0,2022-03-17
The Graph,0.4138,0.4138,0.4138,0.4138,0.4138,2557806263.0,2022-03-17
cUSDC,0.022557565168,0.022557565168,0.022557565168,0.022557565168,0.022557565168,2466484503.0,2022-03-17
THORChain,8.08,8.08,8.08,8.08,8.08,2430711865.0,2022-03-17
Helium,22.94,22.94,22.94,22.94,22.94,2312307759.0,2022-03-17
EOS,2.09,2.09,2.09,2.09,2.09,2061422334.0,2022-03-17
Flow,5.72,5.72,5.72,5.72,5.72,2031100138.0,2022-03-17
Aave,147.18,147.18,147.18,147.18,147.18,2009385126.0,2022-03-17
IOTA,0.714113,0.714113,0.714113,0.714113,0.714113,1985719860.0,2022-03-17
ECOMI,0.003390695541,0.003390695541,0.003390695541,0.003390695541,0.003390695541,1972387319.0,2022-03-17
cDAI,0.021937899212,0.021937899212,0.021937899212,0.021937899212,0.021937899212,1928856560.0,2022-03-17
Theta Fuel,0.164365,0.164365,0.164365,0.164365,0.164365,1886178774.0,2022-03-17
Maker,2079.04,2079.04,2079.04,2079.04,2079.04,1874509741.0,2022-03-17
Zcash,152.32,152.32,152.32,152.32,152.32,1862253242.0,2022-03-17
PancakeSwap,6.51,6.51,6.51,6.51,6.51,1806774957.0,2022-03-17
JUNO,39.16,39.16,39.16,39.16,39.16,1786829872.0,2022-03-17
Gala,0.230194,0.230194,0.230194,0.230194,0.230194,1738051630.0,2022-03-17
BitTorrent,1.826877e-06,1.826877e-06,1.826877e-06,1.826877e-06,1.826877e-06,1685671515.0,2022-03-17
Arweave,33.62,33.62,33.62,33.62,33.62,1683869236.0,2022-03-17
Huobi BTC,40909.07,40909.07,40909.07,40909.07,40909.07,1631618698.0,2022-03-17
Harmony,0.13101,0.13101,0.13101,0.13101,0.13101,1548715682.0,2022-03-17
Quant,114.66,114.66,114.66,114.66,114.66,1538860559.0,2022-03-17
eCash,7.9780188e-05,7.9780188e-05,7.9780188e-05,7.9780188e-05,7.9780188e-05,1517444421.0,2022-03-17
Bitcoin SV,78.09,78.09,78.09,78.09,78.09,1484128146.0,2022-03-17
NEO,20.65,20.65,20.65,20.65,20.65,1456710686.0,2022-03-17
Huobi Token,9.11,9.11,9.11,9.11,9.11,1418233628.0,2022-03-17
TrueUSD,1.0,1.0,1.0,1.0,1.0,1413028225.0,2022-03-17
Xido Finance,48.68,48.68,48.68,48.68,48.68,1388958494.0,2022-03-17
Celsius Network,3.27,3.27,3.27,3.27,3.27,1388056538.0,2022-03-17
KuCoin Token,18.19,18.19,18.19,18.19,18.19,1385861365.0,2022-03-17
Enjin Coin,1.42,1.42,1.42,1.42,1.42,1330338268.0,2022-03-17
Stacks,1.26,1.26,1.26,1.26,1.26,1327159918.0,2022-03-17
Humans.ai,0.041455610624,0.041455610624,0.041455610624,0.041455610624,0.041455610624,1309127902.0,2022-03-17
Celo,3.01,3.01,3.01,3.01,3.01,1293158139.0,2022-03-17
Basic Attention Token,0.851143,0.851143,0.851143,0.851143,0.851143,1275120629.0,2022-03-17
Radix,0.128757,0.128757,0.128757,0.128757,0.128757,1262403652.0,2022-03-17
NEXO,2.21,2.21,2.21,2.21,2.21,1240018250.0,2022-03-17
Kusama,134.99,134.99,134.99,134.99,134.99,1211430260.0,2022-03-17
Amp,0.025125131288,0.025125131288,0.025125131288,0.025125131288,0.025125131288,1207186380.0,2022-03-17
Chiliz,0.203275,0.203275,0.203275,0.203275,0.203275,1083816831.0,2022-03-17
Kadena,6.24,6.24,6.24,6.24,6.24,1069867085.0,2022-03-17
Dash,96.91,96.91,96.91,96.91,96.91,1029536952.0,2022-03-17
Frax Share,17.71,17.71,17.71,17.71,17.71,1023317870.0,2022-03-17
Convex Finance,18.71,18.71,18.71,18.71,18.71,1013012985.0,2022-03-17
BitDAO,1.14,1.14,1.14,1.14,1.14,1011521016.0,2022-03-17
Pax Dollar,0.99955,0.99955,0.99955,0.99955,0.99955,995452485.0,2022-03-17
Synthetix Network Token,4.48,4.48,4.48,4.48,4.48,960919289.0,2022-03-17
GateToken,6.32,6.32,6.32,6.32,6.32,959114001.0,2022-03-17
Loopring,0.715444,0.715444,0.715444,0.715444,0.715444,891618804.0,2022-03-17
NEM,0.097812627388,0.097812627388,0.097812627388,0.097812627388,0.097812627388,880846859.0,2022-03-17
Mina Protocol,2.02,2.02,2.02,2.02,2.02,851729245.0,2022-03-17
Curve DAO Token,2.13,2.13,2.13,2.13,2.13,838186885.0,2022-03-17
Oasis Network,0.228057,0.228057,0.228057,0.228057,0.228057,795948991.0,2022-03-17
ApeCoin,7.72,7.72,7.72,7.72,7.72,794922002.0,2022-03-17
Secret,4.73,4.73,4.73,4.73,4.73,784928146.0,2022-03-17
LINK,131.31,131.31,131.31,131.31,131.31,784870999.0,2022-03-17
cUSDT,0.021768404499,0.021768404499,0.021768404499,0.021768404499,0.021768404499,775840943.0,2022-03-17
Compound,115.17,115.17,115.17,115.17,115.17,766476634.0,2022-03-17
Anchor Protocol,2.85,2.85,2.85,2.85,2.85,754479150.0,2022-03-17
Decred,52.84,52.84,52.84,52.84,52.84,732991389.0,2022-03-17
IoTeX,0.077158067035,0.077158067035,0.077158067035,0.077158067035,0.077158067035,732645462.0,2022-03-17
Holo,0.004092449012,0.004092449012,0.004092449012,0.004092449012,0.004092449012,726741711.0,2022-03-17
Bitkub Coin,7.93,7.93,7.93,7.93,7.93,703620569.0,2022-03-17
yearn.finance,19370.21,19370.21,19370.21,19370.21,19370.21,691957768.0,2022-03-17
Neutrino USD,1.0,1.0,1.0,1.0,1.0,685994297.0,2022-03-17
Nexus Mutual,95.18,95.18,95.18,95.18,95.18,655250086.0,2022-03-17
XDC Network,0.052299016906,0.052299016906,0.052299016906,0.052299016906,0.052299016906,644478092.0,2022-03-17
Smooth Love Potion,0.017171858167,0.017171858167,0.017171858167,0.017171858167,0.017171858167,642859351.0,2022-03-17
WAX,0.276858,0.276858,0.276858,0.276858,0.276858,626238810.0,2022-03-17
Qtum,5.97,5.97,5.97,5.97,5.97,621303049.0,2022-03-17
Sushi,3.21,3.21,3.21,3.21,3.21,618121984.0,2022-03-17
PAX Gold,1946.03,1946.03,1946.03,1946.03,1946.03,617755161.0,2022-03-17
1inch,1.49,1.49,1.49,1.49,1.49,617505356.0,2022-03-17
renBTC,40854.63,40854.63,40854.63,40854.63,40854.63,613544826.0,2022-03-17
Livepeer,24.57,24.57,24.57,24.57,24.57,612934461.0,2022-03-17
Marinade staked SOL,93.71,93.71,93.71,93.71,93.71,607857600.0,2022-03-17
Bancor Network Token,2.32,2.32,2.32,2.32,2.32,595471450.0,2022-03-17
Ankr,0.072733294373,0.072733294373,0.072733294373,0.072733294373,0.072733294373,594634282.0,2022-03-17
Pocket Network,0.697976,0.697976,0.697976,0.697976,0.697976,587728129.0,2022-03-17
Zilliqa,0.041562864374,0.041562864374,0.041562864374,0.041562864374,0.041562864374,585253625.0,2022-03-17
OMG Network,4.13,4.13,4.13,4.13,4.13,579014475.0,2022-03-17
Gnosis,306.2,306.2,306.2,306.2,306.2,571602114.0,2022-03-17
Render Token,2.46,2.46,2.46,2.46,2.46,568806275.0,2022-03-17
Fei USD,1.0,1.0,1.0,1.0,1.0,560856126.0,2022-03-17
ICON,0.745261,0.745261,0.745261,0.745261,0.745261,547848667.0,2022-03-17
SafeMoon,0.000962072159,0.000962072159,0.000962072159,0.000962072159,0.000962072159,544136940.0,2022-03-17
Ravencoin,0.051574181471,0.051574181471,0.051574181471,0.051574181471,0.051574181471,539976450.0,2022-03-17
IOST,0.022801632948,0.022801632948,0.022801632948,0.022801632948,0.022801632948,526323716.0,2022-03-17
Bitcoin Gold,29.92,29.92,29.92,29.92,29.92,523876360.0,2022-03-17
Kava,3.21,3.21,3.21,3.21,3.21,517309409.0,2022-03-17
Rally,0.196257,0.196257,0.196257,0.196257,0.196257,510399595.0,2022-03-17
e-Radix,0.128151,0.128151,0.128151,0.128151,0.128151,508057632.0,2022-03-17
UMA,7.69,7.69,7.69,7.69,7.69,503852158.0,2022-03-17
OEC Token,32.97,32.97,32.97,32.97,32.97,502905278.0,2022-03-17
Songbird,0.063697975897,0.063697975897,0.063697975897,0.063697975897,0.063697975897,495479119.0,2022-03-17
WOO Network,0.512092,0.512092,0.512092,0.512092,0.512092,489182316.0,2022-03-17
Moonbeam,2.41,2.41,2.41,2.41,2.41,485893979.0,2022-03-17
Velas,0.213294,0.213294,0.213294,0.213294,0.213294,485455669.0,2022-03-17
Tether Gold,1958.19,1958.19,1958.19,1958.19,1958.19,483043378.0,2022-03-17
Horizen,39.44,39.44,39.44,39.44,39.44,480024115.0,2022-03-17
Sapphire,0.569767,0.569767,0.569767,0.569767,0.569767,478721909.0,2022-03-17
Rocket Pool,29.01,29.01,29.01,29.01,29.01,469695713.0,2022-03-17
Golem,0.466554,0.466554,0.466554,0.466554,0.466554,466317264.0,2022-03-17
Liquity USD,1.01,1.01,1.01,1.01,1.01,465309713.0,2022-03-17
Audius,0.743362,0.743362,0.743362,0.743362,0.743362,457745959.0,2022-03-17
STEPN,0.761181,0.761181,0.761181,0.761181,0.761181,456251258.0,2022-03-17
Baby Doge Coin,2.83e-09,2.83e-09,2.83e-09,2.83e-09,2.83e-09,449901755.0,2022-03-17
Siacoin,0.008924907028,0.008924907028,0.008924907028,0.008924907028,0.008924907028,448569310.0,2022-03-17
Ontology,0.509902,0.509902,0.509902,0.509902,0.509902,446660094.0,2022-03-17
0x,0.51816,0.51816,0.51816,0.51816,0.51816,439124277.0,2022-03-17
Metis Token,146.26,146.26,146.26,146.26,146.26,438927006.0,2022-03-17
APENFT,1.538902e-06,1.538902e-06,1.538902e-06,1.538902e-06,1.538902e-06,426608620.0,2022-03-17
Synapse,2.42,2.42,2.42,2.42,2.42,425904952.0,2022-03-17
dYdX,4.8,4.8,4.8,4.8,4.8,410559152.0,2022-03-17
SwissBorg,0.426636,0.426636,0.426636,0.426636,0.426636,407989611.0,2022-03-17
Everdome,0.047881406153,0.047881406153,0.047881406153,0.047881406153,0.047881406153,407661797.0,2022-03-17
SKALE,0.123037,0.123037,0.123037,0.123037,0.123037,399524174.0,2022-03-17
Dogelon Mars,7.16912e-07,7.16912e-07,7.16912e-07,7.16912e-07,7.16912e-07,395179401.0,2022-03-17
Convex CRV,2.1,2.1,2.1,2.1,2.1,394323956.0,2022-03-17
Olympus,27.85,27.85,27.85,27.85,27.85,391190971.0,2022-03-17
Constellation,0.149017,0.149017,0.149017,0.149017,0.149017,376819046.0,2022-03-17
Immutable X,1.59,1.59,1.59,1.59,1.59,374143811.0,2022-03-17
Gemini Dollar,0.999103,0.999103,0.999103,0.999103,0.999103,370970338.0,2022-03-17
JUST,0.049988160157,0.049988160157,0.049988160157,0.049988160157,0.049988160157,365218776.0,2022-03-17
NuCypher,0.423049,0.423049,0.423049,0.423049,0.423049,358798163.0,2022-03-17
Polymath,0.396075,0.396075,0.396075,0.396075,0.396075,356459406.0,2022-03-17
Ethereum Name Service,15.1,15.1,15.1,15.1,15.1,350492086.0,2022-03-17
Illuvium,543.69,543.69,543.69,543.69,543.69,349615509.0,2022-03-17
REN,0.34295,0.34295,0.34295,0.34295,0.34295,343396923.0,2022-03-17
Decentralized Social,32.58,32.58,32.58,32.58,32.58,343383679.0,2022-03-17
Keep Network,0.623793,0.623793,0.623793,0.623793,0.623793,342624992.0,2022-03-17
Hive,0.921978,0.921978,0.921978,0.921978,0.921978,342506941.0,2022-03-17
Flux,1.43,1.43,1.43,1.43,1.43,328526106.0,2022-03-17
Nervos Network,0.010823610593,0.010823610593,0.010823610593,0.010823610593,0.010823610593,326436851.0,2022-03-17
Nano,2.43,2.43,2.43,2.43,2.43,325248112.0,2022-03-17
HUSD,0.999448,0.999448,0.999448,0.999448,0.999448,321832852.0,2022-03-17
Lido DAO,2.9,2.9,2.9,2.9,2.9,320418126.0,2022-03-17
DeFi Kingdoms,4.33,4.33,4.33,4.33,4.33,319385783.0,2022-03-17
Ultra,1.17,1.17,1.17,1.17,1.17,317369548.0,2022-03-17
Spell Token,0.003476639888,0.003476639888,0.003476639888,0.003476639888,0.003476639888,316934220.0,2022-03-17
Telcoin,0.005151230174,0.005151230174,0.005151230174,0.005151230174,0.005151230174,316916231.0,2022-03-17
Syscoin,0.497339,0.497339,0.497339,0.497339,0.497339,316225956.0,2022-03-17
FLEX Coin,3.95,3.95,3.95,3.95,3.95,311501806.0,2022-03-17
ConstitutionDAO,0.060997698339,0.060997698339,0.060997698339,0.060997698339,0.060997698339,309380835.0,2022-03-17
Kyber Network Crystal,3.01,3.01,3.01,3.01,3.01,308453415.0,2022-03-17
LooksRare,1.25,1.25,1.25,1.25,1.25,306746978.0,2022-03-17
Tomb,1.19,1.19,1.19,1.19,1.19,305642692.0,2022-03-17
Lisk,2.1,2.1,2.1,2.1,2.1,304232009.0,2022-03-17
DigitalBits,0.395059,0.395059,0.395059,0.395059,0.395059,302184765.0,2022-03-17
DigiByte,0.01993648681,0.01993648681,0.01993648681,0.01993648681,0.01993648681,302087064.0,2022-03-17
Persistence,3.61,3.61,3.61,3.61,3.61,298811585.0,2022-03-17
PlayDapp,0.812543,0.812543,0.812543,0.812543,0.812543,295009942.0,2022-03-17
Tenset,3.29,3.29,3.29,3.29,3.29,290187601.0,2022-03-17
Stargaze,0.387759,0.387759,0.387759,0.387759,0.387759,288957891.0,2022-03-17
Ronin,1.93,1.93,1.93,1.93,1.93,285584777.0,2022-03-17
Trust Wallet Token,0.81527,0.81527,0.81527,0.81527,0.81527,284403138.0,2022-03-17
Casper Network,0.067306582006,0.067306582006,0.067306582006,0.067306582006,0.067306582006,280491915.0,2022-03-17
Tokemak,24.1,24.1,24.1,24.1,24.1,280398265.0,2022-03-17
SafeMoon [OLD],5.15423e-07,5.15423e-07,5.15423e-07,5.15423e-07,5.15423e-07,277800683.0,2022-03-17
Radio Caca,0.001337390452,0.001337390452,0.001337390452,0.001337390452,0.001337390452,277127753.0,2022-03-17
Pirate Chain,1.44,1.44,1.44,1.44,1.44,275717440.0,2022-03-17
SXP,1.41,1.41,1.41,1.41,1.41,273381975.0,2022-03-17
MAI,1.0,1.0,1.0,1.0,1.0,269690665.0,2022-03-17
Floki Inu,2.8878952e-05,2.8878952e-05,2.8878952e-05,2.8878952e-05,2.8878952e-05,264302676.0,2022-03-17
Injective,5.4,5.4,5.4,5.4,5.4,262798491.0,2022-03-17
Mobox,2.11,2.11,2.11,2.11,2.11,261388946.0,2022-03-17
MXC,0.105998,0.105998,0.105998,0.105998,0.105998,258748257.0,2022-03-17
Everscale,0.19269,0.19269,0.19269,0.19269,0.19269,258439550.0,2022-03-17
Perpetual Protocol,3.95,3.95,3.95,3.95,3.95,257335955.0,2022-03-17
Zenon,5.21,5.21,5.21,5.21,5.21,257245207.0,2022-03-17
WINkLink,0.000265884701,0.000265884701,0.000265884701,0.000265884701,0.000265884701,256027145.0,2022-03-17
Coin98,1.37,1.37,1.37,1.37,1.37,254083272.0,2022-03-17
WazirX,0.55677,0.55677,0.55677,0.55677,0.55677,254078525.0,2022-03-17
Serum,1.9,1.9,1.9,1.9,1.9,253353070.0,2022-03-17
Lido Staked SOL,93.27,93.27,93.27,93.27,93.27,252733440.0,2022-03-17
Zipmex Token,2.84,2.84,2.84,2.84,2.84,252612673.0,2022-03-17
Mirror Protocol,1.71,1.71,1.71,1.71,1.71,248849118.0,2022-03-17
Creditcoin,1.17,1.17,1.17,1.17,1.17,242723178.0,2022-03-17
Tribe,0.531679,0.531679,0.531679,0.531679,0.531679,242034097.0,2022-03-17
VVS Finance,2.2036915e-05,2.2036915e-05,2.2036915e-05,2.2036915e-05,2.2036915e-05,236041817.0,2022-03-17
Metahero,0.044697410123,0.044697410123,0.044697410123,0.044697410123,0.044697410123,234727576.0,2022-03-17
Yield Guild Games,2.65,2.65,2.65,2.65,2.65,232020727.0,2022-03-17
Function X,0.490287,0.490287,0.490287,0.490287,0.490287,230355668.0,2022-03-17
API3,4.64,4.64,4.64,4.64,4.64,230330587.0,2022-03-17
Dent,0.002405588079,0.002405588079,0.002405588079,0.002405588079,0.002405588079,230289059.0,2022-03-17
Raydium,2.52,2.52,2.52,2.52,2.52,229551472.0,2022-03-17
Fetch.ai,0.333007,0.333007,0.333007,0.333007,0.333007,229348461.0,2022-03-17
Escoin Token,3.31,3.31,3.31,3.31,3.31,228752259.0,2022-03-17
Euro Tether,1.11,1.11,1.11,1.11,1.11,228389194.0,2022-03-17
CoinEx Token,0.06114066275,0.06114066275,0.06114066275,0.06114066275,0.06114066275,227207627.0,2022-03-17
Astroport,1.81,1.81,1.81,1.81,1.81,227045274.0,2022-03-17
Chromia,0.399507,0.399507,0.399507,0.399507,0.399507,226830657.0,2022-03-17
Chia,65.99,65.99,65.99,65.99,65.99,225459171.0,2022-03-17
xSUSHI,4.02,4.02,4.02,4.02,4.02,225344906.0,2022-03-17
Cratos,0.003236528133,0.003236528133,0.003236528133,0.003236528133,0.003236528133,223198961.0,2022-03-17
Status,0.057335510854,0.057335510854,0.057335510854,0.057335510854,0.057335510854,222865089.0,2022-03-17
Telos,0.858613,0.858613,0.858613,0.858613,0.858613,222068806.0,2022-03-17
Power Ledger,0.511559,0.511559,0.511559,0.511559,0.511559,219951909.0,2022-03-17
Astar,0.107755,0.107755,0.107755,0.107755,0.107755,218062741.0,2022-03-17
Medibloc,0.040421543227,0.040421543227,0.040421543227,0.040421543227,0.040421543227,217275804.0,2022-03-17
Celer Network,0.03831685277,0.03831685277,0.03831685277,0.03831685277,0.03831685277,216429137.0,2022-03-17
COTI,0.204755,0.204755,0.204755,0.204755,0.204755,215079506.0,2022-03-17
Vulcan Forged,8.9,8.9,8.9,8.9,8.9,212825987.0,2022-03-17
Dopex,1173.9,1173.9,1173.9,1173.9,1173.9,211922629.0,2022-03-17
Energy Web Token,5.03,5.03,5.03,5.03,5.03,211101992.0,2022-03-17
PLEX,0.857492,0.857492,0.857492,0.857492,0.857492,210041737.0,2022-03-17
Orbs,0.072277990941,0.072277990941,0.072277990941,0.072277990941,0.072277990941,209383845.0,2022-03-17
Alchemix USD,0.998794,0.998794,0.998794,0.998794,0.998794,208931720.0,2022-03-17
XYO Network,0.016424293565,0.016424293565,0.016424293565,0.016424293565,0.016424293565,204717393.0,2022-03-17
Boba Network,1.28,1.28,1.28,1.28,1.28,204133364.0,2022-03-17
Ocean Protocol,0.465948,0.465948,0.465948,0.465948,0.465948,202260490.0,2022-03-17
Unibright,1.34,1.34,1.34,1.34,1.34,201738743.0,2022-03-17
Mdex,0.231902,0.231902,0.231902,0.231902,0.231902,200934743.0,2022-03-17
LUKSO Token,13.11,13.11,13.11,13.11,13.11,199459617.0,2022-03-17
Mask Network,4.21,4.21,4.21,4.21,4.21,198784023.0,2022-03-17
DAO Maker,2.19,2.19,2.19,2.19,2.19,198134048.0,2022-03-17
Origin Protocol,0.41561,0.41561,0.41561,0.41561,0.41561,197701631.0,2022-03-17
UFO Gaming,7.566144e-06,7.566144e-06,7.566144e-06,7.566144e-06,7.566144e-06,194844243.0,2022-03-17
Ardor,0.194427,0.194427,0.194427,0.194427,0.194427,194331101.0,2022-03-17
Pundi X,0.745885,0.745885,0.745885,0.745885,0.745885,192900544.0,2022-03-17
Civic,0.28617,0.28617,0.28617,0.28617,0.28617,192055742.0,2022-03-17
GMX,25.47,25.47,25.47,25.47,25.47,190389663.0,2022-03-17
Interest Bearing Bitcoin,40853.81,40853.81,40853.81,40853.81,40853.81,189800862.0,2022-03-17
Kyber Network Crystal Legacy,3.03,3.03,3.03,3.03,3.03,187322633.0,2022-03-17
MX Token,1.87,1.87,1.87,1.87,1.87,186909022.0,2022-03-17
Coinmetro,0.613238,0.613238,0.613238,0.613238,0.613238,185482862.0,2022-03-17
Conflux,0.118894,0.118894,0.118894,0.118894,0.118894,185392410.0,2022-03-17
Yoshi.exchange,1.4,1.4,1.4,1.4,1.4,183581718.0,2022-03-17
Wonderland,200.89,200.89,200.89,200.89,200.89,181461291.0,2022-03-17
MiL.k Alliance,0.814028,0.814028,0.814028,0.814028,0.814028,181018689.0,2022-03-17
XSGD,0.737151,0.737151,0.737151,0.737151,0.737151,180464893.0,2022-03-17
Divi,0.064853595251,0.064853595251,0.064853595251,0.064853595251,0.064853595251,180441034.0,2022-03-17
JOE,0.982235,0.982235,0.982235,0.982235,0.982235,180295364.0,2022-03-17
Radicle,4.33,4.33,4.33,4.33,4.33,178613189.0,2022-03-17
SuperFarm,0.612438,0.612438,0.612438,0.612438,0.612438,176123468.0,2022-03-17
Pundi X [OLD],0.000739037314,0.000739037314,0.000739037314,0.000739037314,0.000739037314,175021533.0,2022-03-17
Aragon,4.6,4.6,4.6,4.6,4.6,174947342.0,2022-03-17
Reserve Rights Token,0.013289915359,0.013289915359,0.013289915359,0.013289915359,0.013289915359,174938398.0,2022-03-17
Moonriver,51.56,51.56,51.56,51.56,51.56,174781398.0,2022-03-17
BTSE Token,8.47,8.47,8.47,8.47,8.47,171754643.0,2022-03-17
Ergo,3.26,3.26,3.26,3.26,3.26,170208459.0,2022-03-17
Rari Governance Token,15.15,15.15,15.15,15.15,15.15,170001175.0,2022-03-17
Request,0.219206,0.219206,0.219206,0.219206,0.219206,169969973.0,2022-03-17
Cartesi,0.321965,0.321965,0.321965,0.321965,0.321965,167831024.0,2022-03-17
Aurora,7.35,7.35,7.35,7.35,7.35,167615843.0,2022-03-17
Veritaseum,77.68,77.68,77.68,77.68,77.68,167034953.0,2022-03-17
Power Cash,0.000580255891,0.000580255891,0.000580255891,0.000580255891,0.000580255891,165663549.0,2022-03-17
MMFinance,1.2,1.2,1.2,1.2,1.2,165134827.0,2022-03-17
sBTC,40716.13,40716.13,40716.13,40716.13,40716.13,165066520.0,2022-03-17
Numeraire,27.87,27.87,27.87,27.87,27.87,164787989.0,2022-03-17
Alchemy Pay,0.040004817834,0.040004817834,0.040004817834,0.040004817834,0.040004817834,164599197.0,2022-03-17
FEG Token BSC,3.893e-09,3.893e-09,3.893e-09,3.893e-09,3.893e-09,163269693.0,2022-03-17
inSure DeFi,0.006161036427,0.006161036427,0.006161036427,0.006161036427,0.006161036427,162967567.0,2022-03-17
Multichain,8.85,8.85,8.85,8.85,8.85,162445121.0,2022-03-17
Bifrost,0.149851,0.149851,0.149851,0.149851,0.149851,159291451.0,2022-03-17
Ion,7395.39,7395.39,7395.39,7395.39,7395.39,157510201.0,2022-03-17
World Mobile Token,0.668572,0.668572,0.668572,0.668572,0.668572,156579542.0,2022-03-17
Poollotto.finance,17.97,17.97,17.97,17.97,17.97,156426727.0,2022-03-17
Mango,0.150121,0.150121,0.150121,0.150121,0.150121,156098438.0,2022-03-17
AscendEx Token,0.209002,0.209002,0.209002,0.209002,0.209002,155507488.0,2022-03-17
Reef Finance,0.008484927042,0.008484927042,0.008484927042,0.008484927042,0.008484927042,154953141.0,2022-03-17
Storj,1.06,1.06,1.06,1.06,1.06,153045067.0,2022-03-17
FEG Token,3.712e-09,3.712e-09,3.712e-09,3.712e-09,3.712e-09,152507971.0,2022-03-17
Tokamak Network,3.63,3.63,3.63,3.63,3.63,152418252.0,2022-03-17
BNB48 Club Token,75.36,75.36,75.36,75.36,75.36,151006279.0,2022-03-17
Akash Network,1.14,1.14,1.14,1.14,1.14,150977820.0,2022-03-17
Origin Dollar,0.996761,0.996761,0.996761,0.996761,0.996761,150877504.0,2022-03-17
Verge,0.009119355152,0.009119355152,0.009119355152,0.009119355152,0.009119355152,150565690.0,2022-03-17
VeThor Token,0.003276533427,0.003276533427,0.003276533427,0.003276533427,0.003276533427,149610423.0,2022-03-17
Merit Circle,2.12,2.12,2.12,2.12,2.12,149412537.0,2022-03-17
USDX,0.972184,0.972184,0.972184,0.972184,0.972184,148673012.0,2022-03-17
Band Protocol,3.57,3.57,3.57,3.57,3.57,148621625.0,2022-03-17
aelf,0.320715,0.320715,0.320715,0.320715,0.320715,148069098.0,2022-03-17
Biconomy,1.29,1.29,1.29,1.29,1.29,147807938.0,2022-03-17
OriginTrail,0.403433,0.403433,0.403433,0.403433,0.403433,147741339.0,2022-03-17
Beldex,0.09810351345,0.09810351345,0.09810351345,0.09810351345,0.09810351345,147183281.0,2022-03-17
Orchid Protocol,0.245431,0.245431,0.245431,0.245431,0.245431,145268599.0,2022-03-17
StarLink,1.4478205e-05,1.4478205e-05,1.4478205e-05,1.4478205e-05,1.4478205e-05,144516643.0,2022-03-17
GPEX,3.77,3.77,3.77,3.77,3.77,144310185.0,2022-03-17
Kishu Inu,1.484e-09,1.484e-09,1.484e-09,1.484e-09,1.484e-09,143713655.0,2022-03-17
Beta Finance,0.390171,0.390171,0.390171,0.390171,0.390171,140529092.0,2022-03-17
Ark,0.855048,0.855048,0.855048,0.855048,0.855048,139681382.0,2022-03-17
TrueFi,0.214734,0.214734,0.214734,0.214734,0.214734,137832596.0,2022-03-17
STASIS EURO,1.11,1.11,1.11,1.11,1.11,137830475.0,2022-03-17
Acala,1.08,1.08,1.08,1.08,1.08,137419617.0,2022-03-17
Keep3rV1,361.53,361.53,361.53,361.53,361.53,135737507.0,2022-03-17
Magic,2.66,2.66,2.66,2.66,2.66,135701244.0,2022-03-17
Hxro,0.304276,0.304276,0.304276,0.304276,0.304276,133744124.0,2022-03-17
Sperax,0.170244,0.170244,0.170244,0.170244,0.170244,133654459.0,2022-03-17
MaidSafeCoin,0.295224,0.295224,0.295224,0.295224,0.295224,133599281.0,2022-03-17
flexUSD,1.0,1.0,1.0,1.0,1.0,132659636.0,2022-03-17
Prometeus,8.05,8.05,8.05,8.05,8.05,132399958.0,2022-03-17
Iron Bank EURO,1.1,1.1,1.1,1.1,1.1,132176489.0,2022-03-17
Qredo,2.61,2.61,2.61,2.61,2.61,131117652.0,2022-03-17
Bezoge Earth,2.984e-09,2.984e-09,2.984e-09,2.984e-09,2.984e-09,130736810.0,2022-03-17
Victoria VR,0.154224,0.154224,0.154224,0.154224,0.154224,130077410.0,2022-03-17
Polkastarter,1.47,1.47,1.47,1.47,1.47,129790575.0,2022-03-17
DUSK Network,0.32285,0.32285,0.32285,0.32285,0.32285,129772453.0,2022-03-17
iExec RLC,1.81,1.81,1.81,1.81,1.81,129744853.0,2022-03-17
RMRK,13.61,13.61,13.61,13.61,13.61,129381545.0,2022-03-17
THORChain (ERC20),7.98,7.98,7.98,7.98,7.98,129360305.0,2022-03-17
Metadium,0.076139640664,0.076139640664,0.076139640664,0.076139640664,0.076139640664,128563501.0,2022-03-17
StormX,0.013797399421,0.013797399421,0.013797399421,0.013797399421,0.013797399421,128358108.0,2022-03-17
Stratis,0.94622,0.94622,0.94622,0.94622,0.94622,128080393.0,2022-03-17
STP Network,0.087992796441,0.087992796441,0.087992796441,0.087992796441,0.087992796441,127931734.0,2022-03-17
Steem,0.322052,0.322052,0.322052,0.322052,0.322052,127246640.0,2022-03-17
DEAPCOIN,0.027101682754,0.027101682754,0.027101682754,0.027101682754,0.027101682754,126235341.0,2022-03-17
Meerkat Shares,14141.32,14141.32,14141.32,14141.32,14141.32,126105039.0,2022-03-17
RSK Infrastructure Framework,0.151385,0.151385,0.151385,0.151385,0.151385,125639850.0,2022-03-17
Dawn Protocol,1.72,1.72,1.72,1.72,1.72,125035795.0,2022-03-17
Alpha Finance,0.280024,0.280024,0.280024,0.280024,0.280024,125007857.0,2022-03-17
NKN,0.191882,0.191882,0.191882,0.191882,0.191882,124824929.0,2022-03-17
Decentral Games,0.322954,0.322954,0.322954,0.322954,0.322954,124818085.0,2022-03-17
Balancer,11.52,11.52,11.52,11.52,11.52,124477702.0,2022-03-17
Strike,39.63,39.63,39.63,39.63,39.63,124043364.0,2022-03-17
Alien Worlds,0.099181828389,0.099181828389,0.099181828389,0.099181828389,0.099181828389,123122031.0,2022-03-17
Dero,10.93,10.93,10.93,10.93,10.93,122930832.0,2022-03-17
Sun Token,0.011601809279,0.011601809279,0.011601809279,0.011601809279,0.011601809279,122048839.0,2022-03-17
Tomb Shares,3117.12,3117.12,3117.12,3117.12,3117.12,122042187.0,2022-03-17
GXChain,1.62,1.62,1.62,1.62,1.62,122034911.0,2022-03-17
Ankr Reward-Bearing Staked ETH,2254.71,2254.71,2254.71,2254.71,2254.71,120703323.0,2022-03-17
Spookyswap,13.41,13.41,13.41,13.41,13.41,120688730.0,2022-03-17
Maple,26.62,26.62,26.62,26.62,26.62,120557876.0,2022-03-17
Kirobo,0.125334,0.125334,0.125334,0.125334,0.125334,119964465.0,2022-03-17
BENQI Liquid Staked AVAX,79.79,79.79,79.79,79.79,79.79,119637582.0,2022-03-17
sETH2,2818.01,2818.01,2818.01,2818.01,2818.01,119015862.0,2022-03-17
Aavegotchi,1.94,1.94,1.94,1.94,1.94,117650490.0,2022-03-17
FUNToken,0.011072744983,0.011072744983,0.011072744983,0.011072744983,0.011072744983,117522843.0,2022-03-17
agEUR,1.11,1.11,1.11,1.11,1.11,115865259.0,2022-03-17
Alchemix,96.93,96.93,96.93,96.93,96.93,114928689.0,2022-03-17
Hoo Token,1.39,1.39,1.39,1.39,1.39,114432549.0,2022-03-17
Beefy.Finance,1462.88,1462.88,1462.88,1462.88,1462.88,114334270.0,2022-03-17
Alpine F1 Team Fan Token,10.0,10.0,10.0,10.0,10.0,114038968.0,2022-03-17
DODO,0.395012,0.395012,0.395012,0.395012,0.395012,113721778.0,2022-03-17
Hathor,0.491681,0.491681,0.491681,0.491681,0.491681,112171936.0,2022-03-17
TitanSwap,1.12,1.12,1.12,1.12,1.12,111774842.0,2022-03-17
PlatON Network,0.046419884436,0.046419884436,0.046419884436,0.046419884436,0.046419884436,111691885.0,2022-03-17
Phantasma,1.07,1.07,1.07,1.07,1.07,111502505.0,2022-03-17
Tornado Cash,47.28,47.28,47.28,47.28,47.28,111302578.0,2022-03-17
Klever,0.020930640049,0.020930640049,0.020930640049,0.020930640049,0.020930640049,110824223.0,2022-03-17
JasmyCoin,0.023128577628,0.023128577628,0.023128577628,0.023128577628,0.023128577628,110553343.0,2022-03-17
BTC Standard Hashrate Token,15.08,15.08,15.08,15.08,15.08,109935865.0,2022-03-17
KardiaChain,0.032601817619,0.032601817619,0.032601817619,0.032601817619,0.032601817619,109334845.0,2022-03-17
My Neighbor Alice,6.27,6.27,6.27,6.27,6.27,109282154.0,2022-03-17
Proton,0.011066116011,0.011066116011,0.011066116011,0.011066116011,0.011066116011,109182891.0,2022-03-17
Utrust,0.237003,0.237003,0.237003,0.237003,0.237003,109107417.0,2022-03-17
Kava Swap,1.82,1.82,1.82,1.82,1.82,109049036.0,2022-03-17
Regen,0.873466,0.873466,0.873466,0.873466,0.873466,107921529.0,2022-03-17
BakerySwap,0.559948,0.559948,0.559948,0.559948,0.559948,107743877.0,2022-03-17
Hydra,9.26,9.26,9.26,9.26,9.26,107523003.0,2022-03-17
Venus,8.86,8.86,8.86,8.86,8.86,106857130.0,2022-03-17
CRYPTO20,3.21,3.21,3.21,3.21,3.21,106817045.0,2022-03-17
Pylon Protocol,0.054820562279,0.054820562279,0.054820562279,0.054820562279,0.054820562279,106639197.0,2022-03-17
QuarkChain,0.016027563853,0.016027563853,0.016027563853,0.016027563853,0.016027563853,106547838.0,2022-03-17
Orion Protocol,3.06,3.06,3.06,3.06,3.06,104853664.0,2022-03-17
Seedify.fund,4.37,4.37,4.37,4.37,4.37,104617801.0,2022-03-17
TomoChain,1.19,1.19,1.19,1.19,1.19,104551092.0,2022-03-17
Ellipsis,0.166502,0.166502,0.166502,0.166502,0.166502,104379795.0,2022-03-17
Railgun,1.81,1.81,1.81,1.81,1.81,104202720.0,2022-03-17
Decentral Games Governance,0.338029,0.338029,0.338029,0.338029,0.338029,104005183.0,2022-03-17
Hermez Network,6.17,6.17,6.17,6.17,6.17,103279211.0,2022-03-17
AIOZ Network,0.214561,0.214561,0.214561,0.214561,0.214561,103148149.0,2022-03-17
ICHI,23.02,23.02,23.02,23.02,23.02,100868057.0,2022-03-17
sETH,2821.01,2821.01,2821.01,2821.01,2821.01,100163119.0,2022-03-17
Bitcoin Diamond,0.52929,0.52929,0.52929,0.52929,0.52929,99286361.0,2022-03-17
Metal,1.52,1.52,1.52,1.52,1.52,98146821.0,2022-03-17
Dopex Rebate Token,105.79,105.79,105.79,105.79,105.79,97862985.0,2022-03-17
Wilder World,1.17,1.17,1.17,1.17,1.17,97738316.0,2022-03-17
cBAT,0.013887822764,0.013887822764,0.013887822764,0.013887822764,0.013887822764,96581377.0,2022-03-17
Wrapped Centrifuge,0.481036,0.481036,0.481036,0.481036,0.481036,95950030.0,2022-03-17
Bounce,13.12,13.12,13.12,13.12,13.12,94608029.0,2022-03-17
Augur,13.56,13.56,13.56,13.56,13.56,94396497.0,2022-03-17
sUSD,0.997496,0.997496,0.997496,0.997496,0.997496,94221877.0,2022-03-17
Electroneum,0.005214209583,0.005214209583,0.005214209583,0.005214209583,0.005214209583,93414016.0,2022-03-17
KeeperDAO,115.76,115.76,115.76,115.76,115.76,93199097.0,2022-03-17
Dvision Network,0.380746,0.380746,0.380746,0.380746,0.380746,92462684.0,2022-03-17
cUNI,0.186789,0.186789,0.186789,0.186789,0.186789,91378796.0,2022-03-17
Wanchain,0.472639,0.472639,0.472639,0.472639,0.472639,91293951.0,2022-03-17
IDEX,0.142172,0.142172,0.142172,0.142172,0.142172,90697310.0,2022-03-17
Verasity,0.020213148673,0.020213148673,0.020213148673,0.020213148673,0.020213148673,90445041.0,2022-03-17
Neutrino System Base Token,35.75,35.75,35.75,35.75,35.75,90375202.0,2022-03-17
Everipedia,0.008982625251,0.008982625251,0.008982625251,0.008982625251,0.008982625251,90044377.0,2022-03-17
HUNT,0.821299,0.821299,0.821299,0.821299,0.821299,89930148.0,2022-03-17
Somnium Space CUBEs,6.89,6.89,6.89,6.89,6.89,89700384.0,2022-03-17
bZx Protocol,0.062809109348,0.062809109348,0.062809109348,0.062809109348,0.062809109348,88971844.0,2022-03-17
AllianceBlock,0.229837,0.229837,0.229837,0.229837,0.229837,88953339.0,2022-03-17
ZoidPay,0.303949,0.303949,0.303949,0.303949,0.303949,88904956.0,2022-03-17
Ampleforth,1.07,1.07,1.07,1.07,1.07,88008725.0,2022-03-17
Bonfida,1.65,1.65,1.65,1.65,1.65,87734475.0,2022-03-17
Avalaunch,3.92,3.92,3.92,3.92,3.92,86912829.0,2022-03-17
Adventure Gold,1.11,1.11,1.11,1.11,1.11,85908280.0,2022-03-17
Adshares,3.55,3.55,3.55,3.55,3.55,85408124.0,2022-03-17
Automata,0.368096,0.368096,0.368096,0.368096,0.368096,83651315.0,2022-03-17
Gains Farm,2330.78,2330.78,2330.78,2330.78,2330.78,83519135.0,2022-03-17
Crabada,0.957634,0.957634,0.957634,0.957634,0.957634,83266240.0,2022-03-17
CertiK,1.17,1.17,1.17,1.17,1.17,82895723.0,2022-03-17
Celo Dollar,1.0,1.0,1.0,1.0,1.0,82678314.0,2022-03-17
Propy,1.43,1.43,1.43,1.43,1.43,82507865.0,2022-03-17
Swarm,1.26,1.26,1.26,1.26,1.26,81979222.0,2022-03-17
Clover Finance,0.313737,0.313737,0.313737,0.313737,0.313737,81842102.0,2022-03-17
Covalent,0.319453,0.319453,0.319453,0.319453,0.319453,81675970.0,2022-03-17
chrono.tech,113.61,113.61,113.61,113.61,113.61,80595619.0,2022-03-17
Biswap,0.355954,0.355954,0.355954,0.355954,0.355954,80314265.0,2022-03-17
Gitcoin,5.65,5.65,5.65,5.65,5.65,80282760.0,2022-03-17
DFI.money,2018.73,2018.73,2018.73,2018.73,2018.73,80185006.0,2022-03-17
Redacted Cartel,129.99,129.99,129.99,129.99,129.99,80079688.0,2022-03-17
SafePal,0.740146,0.740146,0.740146,0.740146,0.740146,80075567.0,2022-03-17
Platypus Finance,4.14,4.14,4.14,4.14,4.14,79450747.0,2022-03-17
BENQI,0.050743317046,0.050743317046,0.050743317046,0.050743317046,0.050743317046,79411049.0,2022-03-17
Aergo,0.218479,0.218479,0.218479,0.218479,0.218479,79214487.0,2022-03-17
Enzyme,54.27,54.27,54.27,54.27,54.27,78897484.0,2022-03-17
Nerve Finance,0.018468001417,0.018468001417,0.018468001417,0.018468001417,0.018468001417,77747624.0,2022-03-17
Rai Reflex Index,3.04,3.04,3.04,3.04,3.04,77616933.0,2022-03-17
Aurory,8.09,8.09,8.09,8.09,8.09,76843664.0,2022-03-17
RIZON,0.034953545858,0.034953545858,0.034953545858,0.034953545858,0.034953545858,75194885.0,2022-03-17
Aave [OLD],1.47,1.47,1.47,1.47,1.47,75160944.0,2022-03-17
mStable USD,0.999305,0.999305,0.999305,0.999305,0.999305,74706759.0,2022-03-17
DeFi Pulse Index,158.57,158.57,158.57,158.57,158.57,74590066.0,2022-03-17
Blox,0.110513,0.110513,0.110513,0.110513,0.110513,74560549.0,2022-03-17
PlatonCoin,0.682181,0.682181,0.682181,0.682181,0.682181,74286948.0,2022-03-17
ShapeShift FOX Token,0.272417,0.272417,0.272417,0.272417,0.272417,74091492.0,2022-03-17
Handshake,0.155984,0.155984,0.155984,0.155984,0.155984,74049207.0,2022-03-17
PEAKDEFI,0.05519710958,0.05519710958,0.05519710958,0.05519710958,0.05519710958,74047013.0,2022-03-17
Presearch,0.186584,0.186584,0.186584,0.186584,0.186584,74002744.0,2022-03-17
SingularityNET,0.082793325047,0.082793325047,0.082793325047,0.082793325047,0.082793325047,73431209.0,2022-03-17
Sai,1.0,1.0,1.0,1.0,1.0,72643253.0,2022-03-17
Sifchain,0.092998915614,0.092998915614,0.092998915614,0.092998915614,0.092998915614,72370847.0,2022-03-17
Badger DAO,7.24,7.24,7.24,7.24,7.24,72193740.0,2022-03-17
Index Coop - ETH 2x Flexible Leverage Index,69.79,69.79,69.79,69.79,69.79,72083620.0,2022-03-17
Oxygen,0.355128,0.355128,0.355128,0.355128,0.355128,71658098.0,2022-03-17
Hifi Finance,0.007610380739,0.007610380739,0.007610380739,0.007610380739,0.007610380739,71444464.0,2022-03-17
Vader Protocol,0.014688496373,0.014688496373,0.014688496373,0.014688496373,0.014688496373,71296654.0,2022-03-17
MAPS,0.944908,0.944908,0.944908,0.944908,0.944908,70633226.0,2022-03-17
Wrapped NXM,26.39,26.39,26.39,26.39,26.39,70593491.0,2022-03-17
Sovryn,3.32,3.32,3.32,3.32,3.32,70581427.0,2022-03-17
Netvrk,1.71,1.71,1.71,1.71,1.71,70480323.0,2022-03-17
Dock,0.033661853536,0.033661853536,0.033661853536,0.033661853536,0.033661853536,70448413.0,2022-03-17
ShareToken,0.007367750574,0.007367750574,0.007367750574,0.007367750574,0.007367750574,69453171.0,2022-03-17
TempleDAO,0.641015,0.641015,0.641015,0.641015,0.641015,69369413.0,2022-03-17
cVault.finance,6926.41,6926.41,6926.41,6926.41,6926.41,68840419.0,2022-03-17
GuildFi,1.58,1.58,1.58,1.58,1.58,68575496.0,2022-03-17
ChainX,1.64,1.64,1.64,1.64,1.64,68530128.0,2022-03-17
Loom Network (OLD),0.082172200347,0.082172200347,0.082172200347,0.082172200347,0.082172200347,68416663.0,2022-03-17
Travala.com,1.32,1.32,1.32,1.32,1.32,68291858.0,2022-03-17
Banana,15.33,15.33,15.33,15.33,15.33,68212793.0,2022-03-17
IRISnet,0.055425599401,0.055425599401,0.055425599401,0.055425599401,0.055425599401,68090240.0,2022-03-17
Circuits of Value,0.037961003776,0.037961003776,0.037961003776,0.037961003776,0.037961003776,67826274.0,2022-03-17
ARPA Chain,0.069003373522,0.069003373522,0.069003373522,0.069003373522,0.069003373522,67762845.0,2022-03-17
SuperRare,0.464613,0.464613,0.464613,0.464613,0.464613,67388220.0,2022-03-17
Verus Coin,0.999387,0.999387,0.999387,0.999387,0.999387,67318962.0,2022-03-17
